-- phpMyAdmin SQL Dump
-- version 5.2.1
-- https://www.phpmyadmin.net/
--
-- Host: 127.0.0.1
-- Generation Time: Mar 23, 2025 at 10:57 AM
-- Server version: 10.4.32-MariaDB
-- PHP Version: 8.2.12

SET SQL_MODE = "NO_AUTO_VALUE_ON_ZERO";
START TRANSACTION;
SET time_zone = "+00:00";


/*!40101 SET @OLD_CHARACTER_SET_CLIENT=@@CHARACTER_SET_CLIENT */;
/*!40101 SET @OLD_CHARACTER_SET_RESULTS=@@CHARACTER_SET_RESULTS */;
/*!40101 SET @OLD_COLLATION_CONNECTION=@@COLLATION_CONNECTION */;
/*!40101 SET NAMES utf8mb4 */;

--
-- Database: `lms`
--

-- --------------------------------------------------------

--
-- Table structure for table `admin`
--

CREATE TABLE `admin` (
  `user` varchar(255) NOT NULL,
  `password` varchar(255) NOT NULL
) ENGINE=InnoDB DEFAULT CHARSET=utf8mb4 COLLATE=utf8mb4_general_ci;

--
-- Dumping data for table `admin`
--

INSERT INTO `admin` (`user`, `password`) VALUES
('Admin', '$2y$10$UuWU0GbLF/FJDYKHPtZAjOOtoCR5WTcQhAfmzRgvMq5L7kNQ9wIGW');

-- --------------------------------------------------------

--
-- Table structure for table `courses`
--

CREATE TABLE `courses` (
  `c_id` int(3) NOT NULL,
  `f_id` int(3) NOT NULL,
  `c_name` varchar(30) NOT NULL,
  `c_decs` text NOT NULL,
  `c_img` text NOT NULL,
  `years` int(1) NOT NULL
) ENGINE=InnoDB DEFAULT CHARSET=utf8mb4 COLLATE=utf8mb4_general_ci;

--
-- Dumping data for table `courses`
--

INSERT INTO `courses` (`c_id`, `f_id`, `c_name`, `c_decs`, `c_img`, `years`) VALUES
(1, 1, 'Java Programming', 'Java is a multi-platform, object-oriented language that can be used as a platform in itself.', 'images\\courses_images\\java.png', 3),
(2, 2, 'Operating systems', 'This course covers the fundamental concepts and techniques of operating systems and more.', 'images\\courses_images\\os.jpg', 3),
(3, 7, 'Software Engineering', 'Software engineering is the systematic approach to designing, developing, testing and more.', 'images\\courses_images\\software engineering.jpg', 3),
(4, 8, 'Linux Administration', 'This Linux administration course covers system installation, configuration, maintenance and more.', 'images\\courses_images\\linux.png', 3),
(5, 1, 'programming in c', 'Learn C programming basics, syntax, data types, control structures, functions, arrays and best practices.', 'images\\courses_images\\clanguage.png', 1),
(6, 11, 'C++', 'This course teaches the fundamentals of C++ programming, object-oriented programming and more', 'images\\courses_images\\Cpp.jpg', 2),
(12, 1, 'Hardware and maintenance ', 'hardware maintenance is the process of auditing, upgrading, and maintaining a computer\'s physical parts to ensure the components perform optimally', 'https://www.shutterstock.com/image-vector/computer-part-vector-banner-design-260nw-600765026.jpg', 1),
(13, 12, 'E-Commerce', 'Ecommerce is a method of buying and selling goods and services online and info about ecommerce business\r\n', 'https://www.fundoodata.com/learning-center/wp-content/uploads/Policy-uncertainty-in-Indian-e-commerce.jpg', 1),
(15, 1, 'Industrial management', 'Industrial Management deals with industrial design, construction, management, and application of science and engineering ', 'https://thumbs.dreamstime.com/b/business-illustration-showing-concept-industrial-manageme-management-110229391.jpg', 1),
(16, 1, 'Data Structure', 'An overview of data structure concepts, arrays, stack, queues, trees, and graphs. Discussion of various implementations of these data objects.', 'https://s3.amazonaws.com/coursesity-blog/2020/07/data-structure-algorithm-courses.png', 2),
(18, 1, 'System Analysis and design', 'This course examines the systems analysis and design process from understanding what a system should do, how a system should be implemented.', 'https://usa-teach.online/wp-content/uploads/2021/03/sad-750x440.jpg', 2),
(19, 1, 'Web Programming ', 'This course covers basic programming and Object oriented techniques used in Php.\r\n', 'https://vertexitservices.com/wp-content/uploads/2020/01/php-image-min.jpg', 3);

-- --------------------------------------------------------

--
-- Table structure for table `faculty`
--

CREATE TABLE `faculty` (
  `f_id` int(5) NOT NULL,
  `f_name` text NOT NULL,
  `username` varchar(40) NOT NULL,
  `password` varchar(255) NOT NULL
) ENGINE=InnoDB DEFAULT CHARSET=utf8mb4 COLLATE=utf8mb4_general_ci;

--
-- Dumping data for table `faculty`
--

INSERT INTO `faculty` (`f_id`, `f_name`, `username`, `password`) VALUES
(1, 'Rupesh Dhamane', 'Gajendra12', '$2y$10$UuWU0GbLF/FJDYKHPtZAjOOtoCR5WTcQhAfmzRgvMq5L7kNQ9wIGW'),
(2, 'Bhavesh Adekar', 'Bhavesh', '$2y$10$D8NlV8PPAq6c/IyKvxdBu.1wexe06oX0VNRr6idQpbj'),
(5, 'Nandini Giri', 'Nandini', '$2y$10$D8NlV8PPAq6c/IyKvxdBu.1wexe06oX0VNRr6idQpbj'),
(7, 'Vedant Chaudhari', 'Vedant', '$2y$10$D8NlV8PPAq6c/IyKvxdBu.1wexe06oX0VNRr6idQpbj'),
(8, 'Gajendra Naphade', 'Gajendra', '$2y$10$UuWU0GbLF/FJDYKHPtZAjOOtoCR5WTcQhAfmzRgvMq5L7kNQ9wIGW'),
(9, 'Sujit Dwivedi', 'Sujit123', '$2y$10$D8NlV8PPAq6c/IyKvxdBu.1wexe06oX0VNRr6idQpbj'),
(10, 'vedant13', 'vedant13', '$2y$10$D8NlV8PPAq6c/IyKvxdBu.1wexe06oX0VNRr6idQpbj'),
(11, 'ram', 'ram meghe', '$2y$10$D8NlV8PPAq6c/IyKvxdBu.1wexe06oX0VNRr6idQpbj'),
(12, 'bhavesh1', 'bhavesh.adekar04@gmail.com', '$2y$10$D8NlV8PPAq6c/IyKvxdBu.1wexe06oX0VNRr6idQpbj'),
(13, 'Gajendra', 'X-GOD44', '$2y$10$UuWU0GbLF/FJDYKHPtZAjOOtoCR5WTcQhAfmzRgvMq5L7kNQ9wIGW');

-- --------------------------------------------------------

--
-- Table structure for table `feedback`
--

CREATE TABLE `feedback` (
  `fb_id` int(10) NOT NULL,
  `enroll_no` int(9) NOT NULL,
  `feedback` varchar(1500) NOT NULL,
  `course` varchar(50) NOT NULL,
  `years` int(1) NOT NULL DEFAULT 1
) ENGINE=InnoDB DEFAULT CHARSET=utf8mb4 COLLATE=utf8mb4_general_ci;

--
-- Dumping data for table `feedback`
--

INSERT INTO `feedback` (`fb_id`, `enroll_no`, `feedback`, `course`, `years`) VALUES
(17, 2013013, '1 website', 'Software Engineering', 1),
(18, 2013013, 'hello', 'General', 1),
(22, 2113042, 'Nice Course', 'C++', 1),
(23, 2002046, 'Abcd', '', 1),
(27, 555, 'tdyxbv ', 'Software Engineering', 1);

-- --------------------------------------------------------

--
-- Table structure for table `mcq_questions`
--

CREATE TABLE `mcq_questions` (
  `id` int(11) NOT NULL,
  `c_id` int(3) NOT NULL,
  `unit_id` int(3) NOT NULL,
  `question` text NOT NULL,
  `option1` varchar(255) NOT NULL,
  `option2` varchar(255) NOT NULL,
  `option3` varchar(255) NOT NULL,
  `option4` varchar(255) NOT NULL,
  `answer` tinyint(1) NOT NULL
) ENGINE=InnoDB DEFAULT CHARSET=utf8mb4 COLLATE=utf8mb4_general_ci;

--
-- Dumping data for table `mcq_questions`
--

INSERT INTO `mcq_questions` (`id`, `c_id`, `unit_id`, `question`, `option1`, `option2`, `option3`, `option4`, `answer`) VALUES
(29, 1, 10, '1) Which of the following option leads to the portability and security of Java?', 'Bytecode is executed by JVM', 'The applet makes the Java code secure and portable', 'Use of exception handling', 'Dynamic binding between objects', 2),
(30, 1, 10, '2) Which of the following is not a Java features?', 'Dynamic', 'Architecture Neutral', 'Use of pointers', 'Object-oriented', 3),
(31, 1, 10, '3) The u0021 article referred to as a', 'Unicode escape sequence', 'Octal escape', 'Hexadecimal', 'Line feed', 1),
(33, 1, 10, '5) What is the return type of the hashCode() method in the Object class?', 'Object', 'int', 'long', 'void', 2),
(34, 1, 12, 'demo', '1bs wn', 'ert', 'loremlsnjs', 'sfch', 3),
(35, 1, 13, 'demo', 'fdgfg', 'sad', 'asda', 'sdsada', 3),
(37, 1, 13, 'saddd', 'asasddaas', 'saddasd', 'asdas', 'sadssa', 1),
(39, 16, 20, 'que 1', 'op1', 'op2', 'op3', 'op4', 1),
(40, 16, 20, 'que 2', 'op1', 'op2', 'op3', 'op4', 4),
(43, 1, 11, 'que 1 ', 'op1', 'op2', 'op3', 'op4', 1),
(44, 1, 11, 'que 2 ', 'op1', 'op2', 'op3', 'op4', 1),
(45, 3, 22, 'What is the first step in the software development lifecycle?', 'System Design', 'Coding', 'System Testing', 'Preliminary Investigation and Analysis', 4),
(46, 3, 22, 'What does the study of an existing system refer to?', 'Details of DFD', 'Feasibility Study', 'System Analysis', 'System Planning', 3),
(47, 3, 22, 'Which of the following is involved in the system planning and designing phase of the Software Development Life Cycle (SDLC)?', 'Sizing', 'Parallel run', 'Specification freeze', 'All of the above', 4),
(48, 1, 23, 'que1', 'o1', '22', '3', '4', 1),
(49, 1, 23, 'q2', '1', '2', '3', '4', 3),
(50, 1, 23, 'que 1 ', 'ds', '2', '3', '4', 1);

-- --------------------------------------------------------

--
-- Table structure for table `performance`
--

CREATE TABLE `performance` (
  `performance_id` int(11) NOT NULL,
  `enrollment_no` int(2) NOT NULL,
  `studname` varchar(50) NOT NULL,
  `unit_id` int(11) NOT NULL,
  `percentage` decimal(5,2) NOT NULL,
  `c_id` int(11) NOT NULL
) ENGINE=InnoDB DEFAULT CHARSET=utf8mb4 COLLATE=utf8mb4_general_ci;

--
-- Dumping data for table `performance`
--

INSERT INTO `performance` (`performance_id`, `enrollment_no`, `studname`, `unit_id`, `percentage`, `c_id`) VALUES
(14, 2013044, 'gajendra naphade', 12, 0.00, 1),
(15, 2003045, 'Kunal rathod', 10, 20.00, 1),
(16, 2013049, 'PIYUSH PISE', 13, 66.67, 1),
(17, 2002046, 'Prajwal Sahare', 10, 20.00, 1),
(18, 2002022, 'Praful Kanaskar ', 10, 40.00, 1),
(19, 2007066, 'Tushar vaidya', 10, 20.00, 1),
(25, 2013011, 'bhavesh', 10, 25.00, 1),
(27, 2013011, 'bhavesh', 12, 100.00, 1),
(28, 2013025, 'Shree', 10, 75.00, 1),
(29, 2013025, 'Shree', 12, 0.00, 1),
(33, 2013014, 'Rupesh Dhamane', 10, 25.00, 1),
(34, 2013014, 'Rupesh Dhamane', 23, 0.00, 1),
(35, 2013044, 'gajendra naphade', 22, 33.33, 3),
(36, 2013088, 'divyank', 10, 25.00, 1);

-- --------------------------------------------------------

--
-- Table structure for table `result`
--

CREATE TABLE `result` (
  `performance_id` int(255) NOT NULL,
  `enrollment_id` int(7) NOT NULL,
  `test_id` timestamp(6) NOT NULL DEFAULT current_timestamp(6) ON UPDATE current_timestamp(6),
  `percentage` varchar(255) NOT NULL,
  `c_id` int(255) NOT NULL
) ENGINE=InnoDB DEFAULT CHARSET=utf8mb4 COLLATE=utf8mb4_general_ci;

--
-- Dumping data for table `result`
--

INSERT INTO `result` (`performance_id`, `enrollment_id`, `test_id`, `percentage`, `c_id`) VALUES
(3, 2013049, '2023-05-08 11:00:06.000000', '20', 1),
(4, 2002027, '2023-05-08 11:00:06.000000', '40', 1),
(5, 2002046, '2023-05-08 11:00:06.000000', '0', 1),
(6, 2003010, '2023-05-08 11:00:06.000000', '40', 1),
(7, 2003010, '2023-05-08 12:03:51.000000', '100', 19),
(8, 2002022, '2023-05-08 12:03:51.000000', '66.666666666667', 19),
(9, 2007066, '2023-05-08 11:00:06.000000', '40', 1),
(11, 2013011, '2023-05-08 11:00:06.000000', '0', 1),
(12, 2013025, '2023-05-08 11:00:06.000000', '20', 1),
(30, 2013088, '2023-05-08 11:15:06.000000', '20', 1);

-- --------------------------------------------------------

--
-- Table structure for table `surprise_test`
--

CREATE TABLE `surprise_test` (
  `id` int(11) NOT NULL,
  `c_id` int(3) NOT NULL,
  `test_id` datetime(6) NOT NULL,
  `question` varchar(255) NOT NULL,
  `option1` varchar(255) NOT NULL,
  `option2` varchar(255) NOT NULL,
  `option3` varchar(255) NOT NULL,
  `option4` varchar(255) NOT NULL,
  `answer` tinyint(1) NOT NULL,
  `Time1` int(11) NOT NULL
) ENGINE=InnoDB DEFAULT CHARSET=utf8mb4 COLLATE=utf8mb4_general_ci;

-- --------------------------------------------------------

--
-- Table structure for table `units`
--

CREATE TABLE `units` (
  `unit_id` int(11) NOT NULL,
  `c_id` int(3) NOT NULL,
  `unit_name` varchar(255) NOT NULL,
  `unit_description` text NOT NULL,
  `content` text NOT NULL
) ENGINE=InnoDB DEFAULT CHARSET=utf8mb4 COLLATE=utf8mb4_general_ci;

--
-- Dumping data for table `units`
--

INSERT INTO `units` (`unit_id`, `c_id`, `unit_name`, `unit_description`, `content`) VALUES
(5, 4, 'linux 3', 'linux description', '<p>C&nbsp;(pronounced&nbsp;<a href=\"https://en.wikipedia.org/wiki/Help:IPA/English\">/ËˆsiË/</a>&nbsp;&ndash; like the letter&nbsp;<a href=\"https://en.wikipedia.org/wiki/C\">c</a>)<a href=\"https://en.wikipedia.org/wiki/C_(programming_language)#cite_note-6\">[6]</a>&nbsp;is a&nbsp;<a href=\"https://en.wikipedia.org/wiki/General-purpose_language\">general-purpose</a>&nbsp;computer&nbsp;<a href=\"https://en.wikipedia.org/wiki/Programming_language\">programming language</a>. It was created in the 1970s by&nbsp;<a href=\"https://en.wikipedia.org/wiki/Dennis_Ritchie\">Dennis Ritchie</a>, and remains very widely used and influential. By design, C&#39;s features cleanly reflect the capabilities of the targeted CPUs. It has found lasting use in&nbsp;<a href=\"https://en.wikipedia.org/wiki/Operating_system\">operating systems</a>,&nbsp;<a href=\"https://en.wikipedia.org/wiki/Device_drivers\">device drivers</a>,&nbsp;<a href=\"https://en.wikipedia.org/wiki/Protocol_stack\">protocol stacks</a>, though decreasingly<a href=\"https://en.wikipedia.org/wiki/C_(programming_language)#cite_note-7\">[7]</a>&nbsp;for&nbsp;<a href=\"https://en.wikipedia.org/wiki/Application_software\">application software</a>. C is commonly used on computer architectures that range from the largest&nbsp;<a href=\"https://en.wikipedia.org/wiki/Supercomputer\">supercomputers</a>&nbsp;to the smallest&nbsp;<a href=\"https://en.wikipedia.org/wiki/Microcontroller\">microcontrollers</a>&nbsp;and&nbsp;<a href=\"https://en.wikipedia.org/wiki/Embedded_system\">embedded systems</a>.</p>\n\n<p>A successor to the programming language&nbsp;<a href=\"https://en.wikipedia.org/wiki/B_(programming_language)\">B</a>, C was originally developed at&nbsp;<a href=\"https://en.wikipedia.org/wiki/Bell_Labs\">Bell Labs</a>&nbsp;by Ritchie between 1972 and 1973 to construct utilities running on&nbsp;<a href=\"https://en.wikipedia.org/wiki/Unix\">Unix</a>. It was applied to re-implementing the kernel of the Unix operating system.<a href=\"https://en.wikipedia.org/wiki/C_(programming_language)#cite_note-sigplan-8\">[8]</a>&nbsp;During the 1980s, C gradually gained popularity. It has become one of the&nbsp;<a href=\"https://en.wikipedia.org/wiki/Measuring_programming_language_popularity\">most widely used programming languages</a>,<a href=\"https://en.wikipedia.org/wiki/C_(programming_language)#cite_note-langpop-9\">[9]</a><a href=\"https://en.wikipedia.org/wiki/C_(programming_language)#cite_note-TIOBE-2009-10\">[10]</a>&nbsp;with C&nbsp;<a href=\"https://en.wikipedia.org/wiki/Compiler\">compilers</a>&nbsp;available for practically all modern&nbsp;<a href=\"https://en.wikipedia.org/wiki/Computer_architecture\">computer architectures</a>&nbsp;and operating systems. C has been standardized by&nbsp;<a href=\"https://en.wikipedia.org/wiki/American_National_Standards_Institute\">ANSI</a>&nbsp;since 1989 (<a href=\"https://en.wikipedia.org/wiki/ANSI_C\">ANSI C</a>) and by the&nbsp;<a href=\"https://en.wikipedia.org/wiki/International_Organization_for_Standardization\">International Organization for Standardization</a>&nbsp;(ISO).</p>\n\n<p>C is an&nbsp;<a href=\"https://en.wikipedia.org/wiki/Imperative_programming\">imperative</a>&nbsp;<a href=\"https://en.wikipedia.org/wiki/Procedural_programming\">procedural</a>&nbsp;language, supporting&nbsp;<a href=\"https://en.wikipedia.org/wiki/Structured_programming\">structured programming</a>,&nbsp;<a href=\"https://en.wikipedia.org/wiki/Lexical_variable_scope\">lexical variable scope</a>&nbsp;and&nbsp;<a href=\"https://en.wikipedia.org/wiki/Recursion_(computer_science)\">recursion</a>, with a&nbsp;<a href=\"https://en.wikipedia.org/wiki/Static_type_system\">static type system</a>. It was designed to be&nbsp;<a href=\"https://en.wikipedia.org/wiki/Compiler\">compiled</a>&nbsp;to provide&nbsp;<a href=\"https://en.wikipedia.org/wiki/Low-level_programming_language\">low-level</a>&nbsp;access to&nbsp;<a href=\"https://en.wikipedia.org/wiki/Computer_memory\">memory</a>&nbsp;and language constructs that map efficiently to&nbsp;<a href=\"https://en.wikipedia.org/wiki/Machine_code\">machine instructions</a>, all with minimal&nbsp;<a href=\"https://en.wikipedia.org/wiki/Runtime_system\">runtime support</a>. Despite its low-level capabilities, the language was designed to encourage cross-platform programming. A&nbsp;<a href=\"https://en.wikipedia.org/wiki/Specification_(technical_standard)\">standards</a>-compliant C program written with&nbsp;<a href=\"https://en.wikipedia.org/wiki/Software_portability\">portability</a>&nbsp;in mind can be compiled for a wide variety of computer platforms and operating systems with few changes to its source code.<a href=\"https://en.wikipedia.org/wiki/C_(programming_language)#cite_note-cppreference-11\">[11]</a></p>\n\n<p>Since 2000, C has consistently ranked among the top two languages in the&nbsp;<a href=\"https://en.wikipedia.org/wiki/TIOBE_index\">TIOBE index</a>, a measure of the popularity of programming languages.<a href=\"https://en.wikipedia.org/wiki/C_(programming_language)#cite_note-TIOBE-2021-12\">[12]</a></p>\n\n<h2>Overview[<a href=\"https://en.wikipedia.org/w/index.php?title=C_(programming_language)&amp;action=edit&amp;section=1\">edit</a>]</h2>\n\n<p><a href=\"https://en.wikipedia.org/wiki/File:Ken_Thompson_and_Dennis_Ritchie--1973.jpg\"><img src=\"https://upload.wikimedia.org/wikipedia/commons/thumb/1/1b/Ken_Thompson_and_Dennis_Ritchie--1973.jpg/220px-Ken_Thompson_and_Dennis_Ritchie--1973.jpg\" /></a></p>\n\n<p><a href=\"https://en.wikipedia.org/wiki/Dennis_Ritchie\">Dennis Ritchie</a>&nbsp;(right), the inventor of the C programming language, with&nbsp;<a href=\"https://en.wikipedia.org/wiki/Ken_Thompson\">Ken Thompson</a></p>\n\n<p>C is an&nbsp;<a href=\"https://en.wikipedia.org/wiki/Imperative_programming\">imperative</a>, procedural language in the&nbsp;<a href=\"https://en.wikipedia.org/wiki/ALGOL\">ALGOL</a>&nbsp;tradition. It has a static&nbsp;<a href=\"https://en.wikipedia.org/wiki/Type_system\">type system</a>. In C, all&nbsp;<a href=\"https://en.wikipedia.org/wiki/Executable_code\">executable code</a>&nbsp;is contained within&nbsp;<a href=\"https://en.wikipedia.org/wiki/Subroutine\">subroutines</a>&nbsp;(also called &quot;functions&quot;, though not in the sense of&nbsp;<a href=\"https://en.wikipedia.org/wiki/Functional_programming\">functional programming</a>).&nbsp;<a href=\"https://en.wikipedia.org/wiki/Parameter_(computer_programming)\">Function parameters</a>&nbsp;are passed by value, although&nbsp;<a href=\"https://en.wikipedia.org/wiki/Array_data_type\">arrays</a>&nbsp;are passed as&nbsp;<a href=\"https://en.wikipedia.org/wiki/Pointer_(computer_programming)\">pointers</a>, i.e. the address of the first item in the array.&nbsp;Pass-by-reference&nbsp;is simulated in C by explicitly passing pointers to the thing being referenced.</p>\n\n<p>C program source text is&nbsp;<a href=\"https://en.wikipedia.org/wiki/Free-form_language\">free-form</a>&nbsp;code. The&nbsp;<a href=\"https://en.wikipedia.org/wiki/Semicolon\">semicolon</a>&nbsp;separates&nbsp;<a href=\"https://en.wikipedia.org/wiki/Statement_(programming)\">statements</a>&nbsp;and&nbsp;<a href=\"https://en.wikipedia.org/wiki/Curly_braces\">curly braces</a>&nbsp;are used for grouping&nbsp;<a href=\"https://en.wikipedia.org/wiki/Blocks_of_statements\">blocks of statements</a>.</p>\n\n<p>The C language also exhibits the following characteristics:</p>\n\n<ul>\n	<li>The language has a small, fixed number of keywords, including a full set of&nbsp;<a href=\"https://en.wikipedia.org/wiki/Control_flow\">control flow</a>&nbsp;primitives:&nbsp;<a href=\"https://en.wikipedia.org/wiki/Conditional_(computer_programming)\">if/else</a>,&nbsp;<a href=\"https://en.wikipedia.org/wiki/For_loop\">for</a>,&nbsp;<a href=\"https://en.wikipedia.org/wiki/Do_while_loop\">do/while</a>,&nbsp;<a href=\"https://en.wikipedia.org/wiki/While_loop\">while</a>, and&nbsp;<a href=\"https://en.wikipedia.org/wiki/Switch_statement\">switch</a>. User-defined names are not distinguished from keywords by any kind of&nbsp;<a href=\"https://en.wikipedia.org/wiki/Sigil_(computer_programming)\">sigil</a>.</li>\n	<li>It has a large number of arithmetic, bitwise, and logic operators:&nbsp;+,+=,++,&amp;,||, etc.</li>\n	<li>More than one&nbsp;<a href=\"https://en.wikipedia.org/wiki/Assignment_(computer_science)\">assignment</a>&nbsp;may be performed in a single statement.</li>\n	<li>Functions:\n	<ul>\n		<li>Function return values can be ignored, when not needed.</li>\n		<li>Function and data pointers permit&nbsp;ad hoc&nbsp;<a href=\"https://en.wikipedia.org/wiki/Run-time_polymorphism\">run-time polymorphism</a>.</li>\n		<li>Functions may not be defined within the lexical scope of other functions.</li>\n		<li>Variables may be defined within a function, with&nbsp;<a href=\"https://en.wikipedia.org/wiki/Lexical_variable_scope\">scope</a>.</li>\n		<li>A function may call itself, so&nbsp;<a href=\"https://en.wikipedia.org/wiki/Recursion_(computer_science)\">recursion</a>&nbsp;is supported.</li>\n	</ul>\n	</li>\n	<li>Data typing is&nbsp;<a href=\"https://en.wikipedia.org/wiki/Static_typing\">static</a>, but&nbsp;<a href=\"https://en.wikipedia.org/wiki/Strong_and_weak_typing\">weakly enforced</a>; all data has a type, but&nbsp;<a href=\"https://en.wikipedia.org/wiki/Implicit_conversion\">implicit conversions</a>&nbsp;are possible.</li>\n	<li>User-defined (<a href=\"https://en.wikipedia.org/wiki/Typedef\">typedef</a>) and compound types are possible.\n	<ul>\n		<li>Heterogeneous aggregate data types (<a href=\"https://en.wikipedia.org/wiki/Struct_(C_programming_language)\">struct</a>) allow related data elements to be accessed and assigned as a unit.</li>\n		<li><a href=\"https://en.wikipedia.org/wiki/Union_type\">Union</a>&nbsp;is a structure with overlapping members; only the last member stored is valid.</li>\n		<li><a href=\"https://en.wikipedia.org/wiki/Array_data_type\">Array</a>&nbsp;indexing is a secondary notation, defined in terms of pointer arithmetic. Unlike structs, arrays are not first-class objects: they cannot be assigned or compared using single built-in operators. There is no &quot;array&quot; keyword in use or definition; instead, square brackets indicate arrays syntactically, for example&nbsp;month[11].</li>\n		<li><a href=\"https://en.wikipedia.org/wiki/Enumerated_type\">Enumerated types</a>&nbsp;are possible with the&nbsp;enum&nbsp;keyword. They are freely interconvertible with integers.</li>\n		<li><a href=\"https://en.wikipedia.org/wiki/String_(computer_science)\">Strings</a>&nbsp;are not a distinct data type, but are conventionally&nbsp;<a href=\"https://en.wikipedia.org/wiki/C_string_handling\">implemented</a>&nbsp;as&nbsp;<a href=\"https://en.wikipedia.org/wiki/Null-terminated_string\">null-terminated</a>&nbsp;character arrays.</li>\n	</ul>\n	</li>\n	<li>Low-level access to&nbsp;<a href=\"https://en.wikipedia.org/wiki/Computer_memory\">computer memory</a>&nbsp;is possible by converting machine addresses to&nbsp;<a href=\"https://en.wikipedia.org/wiki/Pointer_(computer_programming)\">pointers</a>.</li>\n	<li><a href=\"https://en.wikipedia.org/wiki/Procedure_(computer_science)\">Procedures</a>&nbsp;(subroutines not returning values) are a special case of function, with an untyped return type&nbsp;void.</li>\n	<li>Memory can be&nbsp;<a href=\"https://en.wikipedia.org/wiki/Dynamic_allocation\">allocated</a>&nbsp;to a program with calls to&nbsp;<a href=\"https://en.wikipedia.org/wiki/Library_(computing)\">library routines</a>.</li>\n	<li>A&nbsp;<a href=\"https://en.wikipedia.org/wiki/C_preprocessor\">preprocessor</a>&nbsp;performs&nbsp;<a href=\"https://en.wikipedia.org/wiki/Macro_(computer_science)\">macro</a>&nbsp;definition,&nbsp;<a href=\"https://en.wikipedia.org/wiki/Source_code\">source code</a>&nbsp;file inclusion, and&nbsp;<a href=\"https://en.wikipedia.org/wiki/Conditional_compilation\">conditional compilation</a>.</li>\n	<li>There is a basic form of&nbsp;<a href=\"https://en.wikipedia.org/wiki/Modular_programming\">modularity</a>: files can be compiled separately and&nbsp;<a href=\"https://en.wikipedia.org/wiki/Linker_(computing)\">linked</a>&nbsp;together, with control over which functions and data objects are visible to other files via&nbsp;<a href=\"https://en.wikipedia.org/wiki/Static_(keyword)\">static</a>&nbsp;and&nbsp;extern&nbsp;attributes.</li>\n	<li>Complex functionality such as&nbsp;<a href=\"https://en.wikipedia.org/wiki/Input/output\">I/O</a>,&nbsp;<a href=\"https://en.wikipedia.org/wiki/String_(computer_science)\">string</a>&nbsp;manipulation, and mathematical functions are consistently delegated to&nbsp;<a href=\"https://en.wikipedia.org/wiki/Library_(computing)\">library routines</a>.</li>\n	<li>The generated code after compilation has relatively straightforward needs on the underlying platform, which makes it suitable for creating operating systems and for use in embedded systems.</li>\n</ul>\n\n<p>While C does not include certain features found in other languages (such as&nbsp;<a href=\"https://en.wikipedia.org/wiki/Object-oriented_programming\">object orientation</a>&nbsp;and&nbsp;<a href=\"https://en.wikipedia.org/wiki/Garbage_collection_(computer_science)\">garbage collection</a>), these can be implemented or emulated, often through the use of external libraries (e.g., the&nbsp;<a href=\"https://en.wikipedia.org/wiki/GObject\">GLib Object System</a>&nbsp;or the&nbsp;<a href=\"https://en.wikipedia.org/wiki/Boehm_garbage_collector\">Boehm garbage collector</a>).</p>\n'),
(10, 1, 'Introduction to Java', 'Introduction to Java', '<p>Unit 1 : Introduction to Java :</p>\r\n\r\n<p>Java is a class-based, object-oriented programming language that is designed to have as few implementation dependencies as possible. It is intended to let application developers write once, and run anywhere (WORA), meaning that compiled Java code can run on all platforms that support Java without the need for recompilation. Java was first released in 1995 and is widely used for developing applications for desktop, web, and mobile devices. Java is known for its simplicity, robustness, and security features, making it a popular choice for enterprise-level applications.</p>\r\n\r\n<p>JAVA was developed by James Gosling at Sun Microsystems Inc in the year 1995 and later acquired by Oracle Corporation. It is a simple programming language. Java makes writing, compiling, and debugging programming easy. It helps to create reusable code and modular programs. Java is a class-based, object-oriented programming language and is designed to have as few implementation dependencies as possible. A general-purpose programming language made for developers to write once run anywhere that is compiled Java code can run on all platforms that support Java. Java applications are compiled to byte code that can run on any Java Virtual Machine. The syntax of Java is similar to c/c++.</p>\r\n\r\n<ul>\r\n	<li>History : Java&rsquo;s history is very interesting. It is a programming language created in 1991. James Gosling, Mike Sheridan, and Patrick Naughton, a team of Sun engineers known as the Green team initiated the Java language in 1991. Sun Microsystems released its first public implementation in 1996 as Java 1.0. It provides no-cost -run-times on popular platforms. Java1.0 compiler was re-written in Java by Arthur Van Hoff to strictly comply with its specifications. With the arrival of Java 2, new versions had multiple configurations built for different types of platforms.</li>\r\n</ul>\r\n\r\n<p>In 1997, Sun Microsystems approached the ISO standards body and later formalized Java, but it soon withdrew from the process. At one time, Sun made most of its Java implementations available without charge, despite their proprietary software status. Sun generated revenue from Java through the selling of licenses for specialized products such as the Java Enterprise System.</p>\r\n\r\n<p>On November 13, 2006, Sun released much of its Java virtual machine as free, open-source software. On May 8, 2007, Sun finished the process, making all of its JVM&rsquo;s core code available under open-source distribution terms.</p>\r\n\r\n<p>The principles for creating java were simple, robust, secured, high-performance, portable, multi-threaded, interpreted, dynamic, etc. In 1995 Java was developed by James Gosling, who is known as the Father of Java. Currently, Java is used in mobile devices, internet programming, games, e-business, etc.</p>\r\n\r\n<p>Java programming language is named JAVA. Why?</p>\r\n\r\n<p>After the name OAK, the team decided to give it a new name to it and the suggested words were Silk, Jolt, revolutionary, DNA, dynamic, etc. These all names were easy to spell and fun to say, but they all wanted the name to reflect the essence of technology. In accordance with James Gosling, Java the among the top names along with Silk, and since java was a unique name so most of them preferred it.</p>\r\n\r\n<p>Java is the name of an island in Indonesia where the first coffee(named java coffee) was produced. And this name was chosen by James Gosling while having coffee near his office. Note that Java is just a name, not an acronym.</p>\r\n\r\n<p>Implementation of a Java application program involves a following step. They include:</p>\r\n\r\n<p>1. Creating the program</p>\r\n\r\n<p>2. Compiling the program</p>\r\n\r\n<p>3. Running the program</p>\r\n\r\n<p>Remember that, before we begin creating the program, the Java Development Kit (JDK) must be properly installed on our system and also path will be set.</p>\r\n\r\n<p>&bull; Creating Program</p>\r\n\r\n<p>&nbsp;&nbsp; We can create a program using Text Editor (Notepad) or IDE (NetBeans)</p>\r\n\r\n<p>&nbsp;&nbsp;&nbsp;&nbsp;&nbsp;&nbsp;&nbsp;&nbsp;&nbsp; class Test</p>\r\n\r\n<p>&nbsp;&nbsp;&nbsp;&nbsp;&nbsp;&nbsp;&nbsp;&nbsp;&nbsp; {</p>\r\n\r\n<p>&nbsp;&nbsp;&nbsp;&nbsp;&nbsp;&nbsp;&nbsp;&nbsp;&nbsp;&nbsp;&nbsp;&nbsp;&nbsp;&nbsp;&nbsp;&nbsp;&nbsp;&nbsp;&nbsp; public static void main(String []args)</p>\r\n\r\n<p>&nbsp;&nbsp;&nbsp;&nbsp;&nbsp;&nbsp;&nbsp;&nbsp;&nbsp;&nbsp;&nbsp;&nbsp;&nbsp;&nbsp;&nbsp;&nbsp;&nbsp;&nbsp;&nbsp;&nbsp; {</p>\r\n\r\n<p>&nbsp;&nbsp;&nbsp;&nbsp;&nbsp;&nbsp;&nbsp;&nbsp;&nbsp;&nbsp;&nbsp;&nbsp;&nbsp;&nbsp;&nbsp;&nbsp;&nbsp;&nbsp;&nbsp;&nbsp;&nbsp;&nbsp;&nbsp;&nbsp;&nbsp;&nbsp;&nbsp;&nbsp;&nbsp;&nbsp;&nbsp;&nbsp;&nbsp;&nbsp; System.out.println(&ldquo;My First Java Program.&rdquo;);</p>\r\n\r\n<p>&nbsp;&nbsp;&nbsp;&nbsp;&nbsp;&nbsp;&nbsp;&nbsp;&nbsp;&nbsp;&nbsp;&nbsp;&nbsp;&nbsp;&nbsp;&nbsp;&nbsp;&nbsp;&nbsp;&nbsp; }</p>\r\n\r\n<p>&nbsp;&nbsp;&nbsp;&nbsp;&nbsp;&nbsp;&nbsp;&nbsp;&nbsp; };</p>\r\n\r\n<p>&nbsp;</p>\r\n\r\n<p>File -&gt; Save -&gt; d:Test.java</p>\r\n\r\n<ul>\r\n	<li>Compiling the program</li>\r\n</ul>\r\n\r\n<p>&nbsp; To compile the program, we must run the Java compiler (javac), with the name of the source file on &ldquo;command prompt&rdquo; like as follows&nbsp; If everything is OK, the &ldquo;javac&rdquo; compiler creates a file called &ldquo;Test.class&rdquo; containing byte code of the program.</p>\r\n\r\n<ul>\r\n	<li>Running the program</li>\r\n</ul>\r\n\r\n<p>&nbsp;&nbsp; We need to use the Java Interpreter to run a program.</p>\r\n\r\n<p>Java Terminology</p>\r\n\r\n<p>Before learning Java, one must be familiar with these common terms of Java.</p>\r\n\r\n<p>1.&nbsp; Java Virtual Machine(JVM):&nbsp; This is generally referred to as JVM. There are three execution phases of a program. They are written, compile and run the program.</p>\r\n\r\n<p>Writing a program is done by a java programmer like you and me.</p>\r\n\r\n<p>The compilation is done by the JAVAC compiler which is a primary Java compiler included in the Java development kit (JDK). It takes the Java program as input and generates bytecode as output.</p>\r\n\r\n<p>In the Running phase of a program, JVM executes the bytecode generated by the compiler.</p>\r\n\r\n<p>Now, we understood that the function of Java Virtual Machine is to execute the bytecode produced by the compiler. Every Operating System has a different JVM but the output they produce after the execution of bytecode is the same across all the operating systems. This is why Java is known as a platform-independent language.</p>\r\n\r\n<p>&nbsp; 2. Bytecode in the Development Process:&nbsp; As discussed, the Javac compiler of JDK compiles the java source code into bytecode so that it can be executed by JVM. It is saved as .class file by the compiler. To view the bytecode, a disassembler like javap can be used.</p>\r\n\r\n<p>3. Java Development Kit(JDK): While we were using the term JDK when we learn about bytecode and JVM. So, as the name suggests, it is a complete Java development kit that includes everything including compiler, Java Runtime Environment (JRE), java debuggers, java docs, etc. For the program to execute in java, we need to install JDK on our computer in order to create, compile and run the java program.</p>\r\n\r\n<p>4. Java Runtime Environment (JRE): JDK includes JRE. JRE installation on our computers allows the java program to run, however, we cannot compile it. JRE includes a browser, JVM, applet support, and plugins. For running the java program, a computer needs JRE.</p>\r\n\r\n<p>5. Garbage Collector: In Java, programmers can&rsquo;t delete the objects. To delete or recollect that memory JVM has a program called Garbage Collector. Garbage Collectors can recollect the objects that are not referenced. So Java makes the life of a programmer easy by handling memory management. However, programmers should be careful about their code whether they are using objects that have been used for a long time. Because Garbage cannot recover the memory of objects being referenced.</p>\r\n\r\n<p>&nbsp;6. ClassPath: The classpath is the file path where the java runtime and Java compiler look for .class files to load. By default, JDK provides many libraries. If you want to include external libraries they should be added to the classpath.</p>\r\n\r\n<p>Primary/Main Features of Java :</p>\r\n\r\n<p>1. Platform Independent: Compiler converts source code to bytecode and then the JVM executes the bytecode generated by the compiler. This bytecode can run on any platform be it Windows, Linux, or macOS which means if we compile a program on Windows, then we can run it on Linux and vice versa. Each operating system has a different JVM, but the output produced by all the OS is the same after the execution of the bytecode. That is why we call java a platform-independent language.</p>\r\n\r\n<p>2. Object-Oriented Programming Language: Organizing the program in the terms of a collection of objects is a way of object-oriented programming, each of which represents an instance of the class.The four main concepts of Object-Oriented programming are:</p>\r\n\r\n<ol>\r\n	<li>Abstraction</li>\r\n	<li>Encapsulation</li>\r\n	<li>Inheritance</li>\r\n	<li>Polymorphism</li>\r\n</ol>\r\n\r\n<p>3. Simple:&nbsp; Java is one of the simple languages as it does not have complex features like pointers, operator overloading, multiple inheritances, and Explicit memory allocation.</p>\r\n\r\n<p>4. Robust:&nbsp; Java language is robust which means reliable. It is developed in such a way that it puts a lot of effort into checking errors as early as possible, that is why the java compiler is able to detect even those errors that are not easy to detect by another programming language. The main features of java that make it robust are garbage collection, Exception Handling, and memory allocation.</p>\r\n\r\n<p>5. Secure:&nbsp; In java, we don&rsquo;t have pointers, so we cannot access out-of-bound arrays i.e it shows ArrayIndexOutOfBound Exception if we try to do so. That&rsquo;s why several security flaws like stack corruption or buffer overflow are impossible to exploit in Java. Also, java programs run in an environment that is independent of the os(operating system) environment which makes java programs more secure.</p>\r\n\r\n<p>6. Distributed:&nbsp; We can create distributed applications using the java programming language. Remote Method Invocation and Enterprise Java Beans are used for creating distributed applications in java. The java programs can be easily distributed on one or more systems that are connected to each other through an internet connection.</p>\r\n\r\n<p>7. Multithreading:&nbsp; Java supports multithreading. It is a Java feature that allows concurrent execution of two or more parts of a program for maximum utilization of the CPU.</p>\r\n\r\n<p>8. Portable:&nbsp; As we know, java code written on one machine can be run on another machine. The platform-independent feature of java in which its platform-independent bytecode can be taken to any platform for execution makes java portable.</p>\r\n\r\n<p>9. High Performance: Java architecture is defined in such a way that it reduces overhead during the runtime and at some times java uses Just In Time (JIT) compiler where the compiler compiles code on-demand basics where it only compiles those methods that are called making applications to execute faster.</p>\r\n\r\n<p>10. Dynamic flexibility: Java being completely object-oriented gives us the flexibility to add classes,&nbsp; new methods to existing classes, and even create new classes through sub-classes. Java even supports functions written in other languages such as C, C++ which are referred to as native methods.</p>\r\n\r\n<p>Example :</p>\r\n\r\n<p>import java.io.*;</p>\r\n\r\n<p>// Main class</p>\r\n\r\n<p>public class GFG {</p>\r\n\r\n<p>&nbsp;// Main method</p>\r\n\r\n<p>&nbsp;&nbsp;&nbsp; public static void main(String[] args)</p>\r\n\r\n<p>{</p>\r\n\r\n<p>&nbsp;&nbsp;&nbsp; // Print statement</p>\r\n\r\n<p>&nbsp;System.out.println(&quot;Welcome to GeeksforGeeks&quot;);</p>\r\n\r\n<p>&nbsp; }</p>\r\n\r\n<p>}</p>\r\n\r\n<p>Output:</p>\r\n\r\n<p>Welcome to GeeksforGeeks</p>\r\n');
INSERT INTO `units` (`unit_id`, `c_id`, `unit_name`, `unit_description`, `content`) VALUES
(11, 1, 'Features of Java', 'Features of Java', '<p>Features of Java</p>\r\n\r\n<p>Features of Java</p>\r\n\r\n<p>There is given many features of java. They are also known as java buzzwords. The Java Features</p>\r\n\r\n<p>given below are simple and easy to understand.</p>\r\n\r\n<p>1. Simple</p>\r\n\r\n<p>2. Object-Oriented</p>\r\n\r\n<p>3. Portable</p>\r\n\r\n<p>4. Platformindependent</p>\r\n\r\n<p>5. Secured</p>\r\n\r\n<p>6. Robust</p>\r\n\r\n<p>7. Architectureneutral</p>\r\n\r\n<p>8. Dynamic</p>\r\n\r\n<p>9. Interpreted</p>\r\n\r\n<p>10. HighPerformance</p>\r\n\r\n<p>11. Multithreaded</p>\r\n\r\n<p>12.Distributed</p>\r\n\r\n<p>Java Comments</p>\r\n\r\n<p>The java comments are statements that are not executed by the compiler and interpreter. The comments can be used to provide information or explanation about the variable, method, class or any statement. It can also be used to hide program code for specific time.</p>\r\n\r\n<p>Types of Java Comments</p>\r\n\r\n<p>There are 3 types of comments in java.</p>\r\n\r\n<p>1. Single Line Comment</p>\r\n\r\n<p>2. Multi Line Comment</p>\r\n\r\n<p>3. Documentation Comment</p>\r\n\r\n<p>Java Single Line Comment</p>\r\n\r\n<p>The single line comment is used to comment only one line.</p>\r\n\r\n<p>Syntax:</p>\r\n\r\n<p>&nbsp;//This is single line comment<br />\r\n&nbsp;</p>\r\n\r\n<p>Java Multi Line Comment</p>\r\n\r\n<p>The multi line comment is used to comment multiple lines of code.</p>\r\n\r\n<p>Syntax:</p>\r\n\r\n<p>/*</p>\r\n\r\n<p>This</p>\r\n\r\n<p>is</p>\r\n\r\n<p>multi line</p>\r\n\r\n<p>comment</p>\r\n\r\n<p>*/</p>\r\n\r\n<p>Java Documentation Comment</p>\r\n\r\n<p>The documentation comment is used to create documentation API. To create documentation API, you need to use java doc tool.</p>\r\n\r\n<p>Syntax:</p>\r\n\r\n<p>/**</p>\r\n\r\n<p>This</p>\r\n\r\n<p>is</p>\r\n\r\n<p>documentation</p>\r\n\r\n<p>comment</p>\r\n\r\n<p>*/</p>\r\n\r\n<p>Data Types</p>\r\n\r\n<p>Data types represent the different values to be stored in the variable. In java, there are two types of data types:</p>\r\n\r\n<p>o Primitive datatypes</p>\r\n\r\n<p>o Non-primitive datatypes</p>\r\n\r\n<table cellspacing=\"0\">\r\n	<tbody>\r\n		<tr>\r\n			<td>\r\n			<p>Data Type</p>\r\n			</td>\r\n			<td>\r\n			<p>Default Value</p>\r\n			</td>\r\n			<td>\r\n			<p>Default size</p>\r\n\r\n			<p>&nbsp;</p>\r\n			</td>\r\n		</tr>\r\n		<tr>\r\n			<td>\r\n			<p>char</p>\r\n			</td>\r\n			<td>\r\n			<p>&#39;u0000&#39;</p>\r\n			</td>\r\n			<td>\r\n			<p>2 byte</p>\r\n\r\n			<p>&nbsp;</p>\r\n			</td>\r\n		</tr>\r\n		<tr>\r\n			<td>\r\n			<p>byte</p>\r\n			</td>\r\n			<td>\r\n			<p>0</p>\r\n			</td>\r\n			<td>\r\n			<p>1 byte</p>\r\n\r\n			<p>&nbsp;</p>\r\n			</td>\r\n		</tr>\r\n		<tr>\r\n			<td>\r\n			<p>short</p>\r\n			</td>\r\n			<td>\r\n			<p>0</p>\r\n			</td>\r\n			<td>\r\n			<p>2 byte</p>\r\n\r\n			<p>&nbsp;</p>\r\n			</td>\r\n		</tr>\r\n		<tr>\r\n			<td>\r\n			<p>int</p>\r\n			</td>\r\n			<td>\r\n			<p>0</p>\r\n			</td>\r\n			<td>\r\n			<p>4 byte</p>\r\n\r\n			<p>&nbsp;</p>\r\n			</td>\r\n		</tr>\r\n		<tr>\r\n			<td>\r\n			<p>long</p>\r\n			</td>\r\n			<td>\r\n			<p>0L</p>\r\n			</td>\r\n			<td>\r\n			<p>8 byte</p>\r\n\r\n			<p>&nbsp;</p>\r\n			</td>\r\n		</tr>\r\n		<tr>\r\n			<td>\r\n			<p>float</p>\r\n			</td>\r\n			<td>\r\n			<p>0.0f</p>\r\n			</td>\r\n			<td>\r\n			<p>4 byte</p>\r\n\r\n			<p>&nbsp;</p>\r\n			</td>\r\n		</tr>\r\n		<tr>\r\n			<td>\r\n			<p>double</p>\r\n			</td>\r\n			<td>\r\n			<p>0.0d</p>\r\n			</td>\r\n			<td>\r\n			<p>8 byte</p>\r\n\r\n			<p>&nbsp;</p>\r\n			</td>\r\n		</tr>\r\n		<tr>\r\n			<td>\r\n			<p>boolean</p>\r\n			</td>\r\n			<td>\r\n			<p>False</p>\r\n			</td>\r\n			<td>\r\n			<p>1bit</p>\r\n			</td>\r\n		</tr>\r\n	</tbody>\r\n</table>\r\n\r\n<p>&nbsp;</p>\r\n\r\n<p>Variables and Data Types in Java</p>\r\n\r\n<p>Variable is a name of memory location. There are three types of variables in java: local, instance and static.</p>\r\n\r\n<p>There are two types of data types in java: primitive and non-primitive.</p>\r\n\r\n<p>Types of Variable</p>\r\n\r\n<p>There are three types of variables in java:</p>\r\n\r\n<p>o local&nbsp; variable</p>\r\n\r\n<p>o instance variable</p>\r\n\r\n<p>o static variable</p>\r\n\r\n<p>1)Local Variable</p>\r\n\r\n<p>A variable which is declared inside the method is called local variable.</p>\r\n\r\n<p>2) Instance Variable</p>\r\n\r\n<p>A variable which is declared inside the class but outside the method, is called instance variable . It is not declared as static.</p>\r\n\r\n<p>3) Staticvariable</p>\r\n\r\n<p>A variable that is declared as static is called static variable. It cannot be local.</p>\r\n\r\n<p>Constants in Java</p>\r\n\r\n<p>A constant is a variable which cannot have its value changed after declaration. It uses the &#39;final&#39; keyword.</p>\r\n\r\n<p>Syntax</p>\r\n\r\n<p>Modifier_final data_type &nbsp;variable_name = value; //global constant</p>\r\n\r\n<p>modifierstatic final dataType variableName = value; //constant within a c</p>\r\n\r\n<p>Scope and Life Time of Variables</p>\r\n\r\n<p>The scope of a variable defines the section of the code in which the variable is visible. As a general rule, variables that are defined within a block are not accessible outside that block.</p>\r\n\r\n<p>The lifetime of a variable refers to how long the variable exists before it is destroyed. Destroying variables refers to deallocating the memory that was allotted to the variables when declaring it. We have written a few classes till now. You might have observed that not all variables are the same. The ones declared in the body of a method were different from those that were declared in the class itself. There are three types of variables: instance variables, formal parameters or local variables and local variables.</p>\r\n\r\n<p>Instance variables</p>\r\n\r\n<p>Instance variables are those that are defined within a class itself and not in any method or constructor of the class. They are known as instance variables because every instance of the class (object) contains a copy of these variables. The scope of instance variables is determined by the access specifier that is applied to these variables. We have already seen about it earlier.</p>\r\n\r\n<p>The lifetime of these variables is the same as the lifetime of the object to which it belongs.</p>\r\n\r\n<p>Object once created do not exist for ever. They are destroyed by the garbage collector of Java when there are no more reference to that object. We shall see about Java&#39;s automatic garbage collector later on.</p>\r\n\r\n<p>Argument variables</p>\r\n\r\n<p>These are the variables that are defined in the header oaf constructor or a method. The scope of these variables is the method or constructor in which they are defined. The lifetime is limited to the time for which the method keeps executing. Once the method finishes execution, these variables aredestroyed.</p>\r\n\r\n<p>Local variables</p>\r\n\r\n<p>A local variable is the one that is declared within a method or a constructor (not in the header). The scope and lifetime are limited to the methoditself.</p>\r\n\r\n<p>One important distinction between these three types of variables is that access specifiers can be applied to instance variables only and not to argument or local variables.</p>\r\n\r\n<p>In addition to the local variables defined in a method, we also have variables that are defined in bocks life an if block and an else block. The scope and is the same as that of the block itself.</p>\r\n\r\n<p>Operators in java</p>\r\n\r\n<p>Operator in java is a symbol that is used to perform operations. For example: +, -, *, / etc.</p>\r\n\r\n<p>There are many types of operators in java which are given below:</p>\r\n\r\n<p>o Unary Operator,</p>\r\n\r\n<p>o Arithmetic Operator,</p>\r\n\r\n<p>o shift Operator,</p>\r\n\r\n<p>o Relational Operator,</p>\r\n\r\n<p>o Bitwise Operator,</p>\r\n\r\n<p>o Logical Operator,</p>\r\n\r\n<p>o Ternary Operator and</p>\r\n\r\n<p>o Assignment Operator.</p>\r\n\r\n<p>Java Type casting and Type conversion</p>\r\n\r\n<p>Widening or Automatic Type Conversion</p>\r\n\r\n<p>Widening conversion takes place when two data types are automatically converted. This happens when:</p>\r\n\r\n<p>ï‚§ The two data types are compatible.</p>\r\n\r\n<p>ï‚§ When we assign value of a smaller data type to a bigger datatype.</p>\r\n\r\n<p>For Example, in java the numeric data types are compatible with each other but no automatic conversion is supported from numeric type to char or boolean. Also, char and boolean are not compatible with each other.</p>\r\n\r\n<p>Byte-short-int-long-float-double</p>\r\n\r\n<p>Narrowing or Explicit Conversion</p>\r\n\r\n<p>If we want to assign a value of larger data type to a smaller data type we perform explicit type casting or narrowing.</p>\r\n\r\n<p>ï‚§ This is useful for incompatible data types where automatic conversion cannot be done.</p>\r\n\r\n<p>ï‚§ Here, target-type specifies the desired type to convert the specified value to.</p>\r\n\r\n<p>Double-float-long-int-short-byte</p>\r\n\r\n<p>Control Flow Statements</p>\r\n\r\n<p>The control flow statements in Java allow you to run or skip blocks of code when special conditions are met.</p>\r\n\r\n<p>The &ldquo;if&rdquo; Statement</p>\r\n\r\n<p>The &ldquo;if&rdquo; statement in Java works exactly like in most programming languages. With the help of &ldquo;if&rdquo; you can choose to execute a specific block of code when a predefined condition is met. The structure of the &ldquo;if&rdquo; statement in Java looks like this:</p>\r\n\r\n<p>if(condition) {</p>\r\n\r\n<p>// execute this code</p>\r\n\r\n<p>}</p>\r\n\r\n<p>The condition is Boolean. Boolean means it may be true or false.</p>\r\n\r\n<p>if-else statement</p>\r\n\r\n<p>The&nbsp;<a href=\"https://www.javatpoint.com/java-if-else\">if-else statement</a>&nbsp;is an extension to the if-statement, which uses another block of code, i.e., else block. The else block is executed if the condition of the if-block is evaluated as false.</p>\r\n\r\n<ol>\r\n	<li>if(condition)&nbsp;{&nbsp;&nbsp;&nbsp;&nbsp;</li>\r\n	<li>statement&nbsp;1;&nbsp;//executes&nbsp;when&nbsp;condition&nbsp;is&nbsp;true&nbsp;&nbsp;&nbsp;</li>\r\n	<li>}&nbsp;&nbsp;</li>\r\n	<li>else{&nbsp;&nbsp;</li>\r\n	<li>statement&nbsp;2;&nbsp;//executes&nbsp;when&nbsp;condition&nbsp;is&nbsp;false&nbsp;&nbsp;&nbsp;</li>\r\n	<li>}&nbsp;&nbsp;</li>\r\n</ol>\r\n\r\n<h3>if-else-if ladder:</h3>\r\n\r\n<p>The if-else-if statement contains the if-statement followed by multiple else-if statements. In other words, we can say that it is the chain of if-else statements that create a decision tree where the program may enter in the block of code where the condition is true. We can also define an else statement at the end of the chain.</p>\r\n\r\n<ol>\r\n	<li>if(condition&nbsp;1)&nbsp;{&nbsp;&nbsp;&nbsp;&nbsp;</li>\r\n	<li>statement&nbsp;1;&nbsp;//executes&nbsp;when&nbsp;condition&nbsp;1&nbsp;is&nbsp;true&nbsp;&nbsp;&nbsp;</li>\r\n	<li>}&nbsp;&nbsp;</li>\r\n	<li>else&nbsp;if(condition&nbsp;2)&nbsp;{&nbsp;&nbsp;</li>\r\n	<li>statement&nbsp;2;&nbsp;//executes&nbsp;when&nbsp;condition&nbsp;2&nbsp;is&nbsp;true&nbsp;&nbsp;&nbsp;</li>\r\n	<li>}&nbsp;&nbsp;</li>\r\n	<li>else&nbsp;{&nbsp;&nbsp;</li>\r\n	<li>statement&nbsp;2;&nbsp;//executes&nbsp;when&nbsp;all&nbsp;the&nbsp;conditions&nbsp;are&nbsp;false&nbsp;&nbsp;&nbsp;</li>\r\n	<li>}&nbsp;&nbsp;</li>\r\n</ol>\r\n\r\n<p>&nbsp;</p>\r\n\r\n<p>Nested if-statement</p>\r\n\r\n<p>In nested if-statements, the if statement can contain a&nbsp;if&nbsp;or&nbsp;if-else&nbsp;statement inside another if or else-if statement.</p>\r\n\r\n<p>Syntax of Nested if-statement is given below.</p>\r\n\r\n<ol>\r\n	<li>if(condition&nbsp;1)&nbsp;{&nbsp;&nbsp;&nbsp;&nbsp;</li>\r\n	<li>statement&nbsp;1;&nbsp;//executes&nbsp;when&nbsp;condition&nbsp;1&nbsp;is&nbsp;true&nbsp;&nbsp;&nbsp;</li>\r\n	<li>if(condition&nbsp;2)&nbsp;{&nbsp;&nbsp;</li>\r\n	<li>statement&nbsp;2;&nbsp;//executes&nbsp;when&nbsp;condition&nbsp;2&nbsp;is&nbsp;true&nbsp;&nbsp;&nbsp;</li>\r\n	<li>}&nbsp;&nbsp;</li>\r\n	<li>else{&nbsp;&nbsp;</li>\r\n	<li>statement&nbsp;2;&nbsp;//executes&nbsp;when&nbsp;condition&nbsp;2&nbsp;is&nbsp;false&nbsp;&nbsp;&nbsp;</li>\r\n	<li>}&nbsp;&nbsp;</li>\r\n	<li>}&nbsp;&nbsp;</li>\r\n</ol>\r\n\r\n<h3>Switch Statement:</h3>\r\n\r\n<p>In Java,&nbsp;<a href=\"https://www.javatpoint.com/java-switch\">Switch statements</a>&nbsp;are similar to if-else-if statements. The switch statement contains multiple blocks of code called cases and a single case is executed based on the variable which is being switched. The switch statement is easier to use instead of if-else-if statements. It also enhances the readability of the program.</p>\r\n\r\n<p>Points to be noted about switch statement:</p>\r\n\r\n<ul>\r\n	<li>The case variables can be int, short, byte, char, or enumeration. String type is also supported since version 7 of Java</li>\r\n	<li>Cases cannot be duplicate</li>\r\n	<li>Default statement is executed when any of the case doesn&#39;t match the value of expression. It is optional.</li>\r\n	<li>Break statement terminates the switch block when the condition is satisfied.<br />\r\n	It is optional, if not used, next case is executed.</li>\r\n	<li>While using switch statements, we must notice that the case expression will be of the same type as the variable. However, it will also be a constant value.</li>\r\n</ul>\r\n\r\n<p>The syntax to use the switch statement is given below.</p>\r\n\r\n<ol>\r\n	<li>switch&nbsp;(expression){&nbsp;&nbsp;</li>\r\n	<li>&nbsp;&nbsp;&nbsp;&nbsp;case&nbsp;value1:&nbsp;&nbsp;</li>\r\n	<li>&nbsp;&nbsp;&nbsp;&nbsp;&nbsp;statement1;&nbsp;&nbsp;</li>\r\n	<li>&nbsp;&nbsp;&nbsp;&nbsp;&nbsp;break;&nbsp;&nbsp;</li>\r\n	<li>&nbsp;&nbsp;&nbsp;&nbsp;.&nbsp;&nbsp;</li>\r\n	<li>&nbsp;&nbsp;&nbsp;&nbsp;.&nbsp;&nbsp;</li>\r\n	<li>&nbsp;&nbsp;&nbsp;&nbsp;.&nbsp;&nbsp;</li>\r\n	<li>&nbsp;&nbsp;&nbsp;&nbsp;case&nbsp;valueN:&nbsp;&nbsp;</li>\r\n	<li>&nbsp;&nbsp;&nbsp;&nbsp;&nbsp;statementN;&nbsp;&nbsp;</li>\r\n	<li>&nbsp;&nbsp;&nbsp;&nbsp;&nbsp;break;&nbsp;&nbsp;</li>\r\n	<li>&nbsp;&nbsp;&nbsp;&nbsp;default:&nbsp;&nbsp;</li>\r\n	<li>&nbsp;&nbsp;&nbsp;&nbsp;&nbsp;default&nbsp;statement;&nbsp;&nbsp;</li>\r\n	<li>}&nbsp;&nbsp;</li>\r\n</ol>\r\n\r\n<p>Loop Statements</p>\r\n\r\n<p>In programming, sometimes we need to execute the block of code repeatedly while some condition evaluates to true. However, loop statements are used to execute the set of instructions in a repeated order. The execution of the set of instructions depends upon a particular condition.</p>\r\n\r\n<p>In Java, we have three types of loops that execute similarly. However, there are differences in their syntax and condition checking time.</p>\r\n\r\n<ol>\r\n	<li>for loop</li>\r\n	<li>while loop</li>\r\n	<li>do-while loop</li>\r\n</ol>\r\n\r\n<p>Let&#39;s understand the loop statements one by one.</p>\r\n\r\n<p>Java for loop</p>\r\n\r\n<p>In Java,&nbsp;<a href=\"https://www.javatpoint.com/java-for-loop\">for loop</a>&nbsp;is similar to&nbsp;<a href=\"https://www.javatpoint.com/c-programming-language-tutorial\">C</a>&nbsp;and&nbsp;<a href=\"https://www.javatpoint.com/cpp-tutorial\">C++</a>. It enables us to initialize the loop variable, check the condition, and increment/decrement in a single line of code. We use the for loop only when we exactly know the number of times, we want to execute the block of code.</p>\r\n\r\n<ol>\r\n	<li>for(initialization,&nbsp;condition,&nbsp;increment/decrement)&nbsp;{&nbsp;&nbsp;&nbsp;&nbsp;</li>\r\n	<li>//block&nbsp;of&nbsp;statements&nbsp;&nbsp;&nbsp;&nbsp;</li>\r\n	<li>}&nbsp;&nbsp;&nbsp;&nbsp;</li>\r\n</ol>\r\n\r\n<p>Java for-each loop</p>\r\n\r\n<p>Java provides an enhanced for loop to traverse the data structures like array or collection. In the for-each loop, we don&#39;t need to update the loop variable. The syntax to use the for-each loop in java is given below.</p>\r\n\r\n<ol>\r\n	<li>for(data_type&nbsp;var&nbsp;:&nbsp;array_name/collection_name){&nbsp;&nbsp;&nbsp;&nbsp;</li>\r\n	<li>//statements&nbsp;&nbsp;&nbsp;&nbsp;</li>\r\n	<li>}&nbsp;&nbsp;&nbsp;&nbsp;</li>\r\n</ol>\r\n\r\n<p>Java while loop</p>\r\n\r\n<p>The&nbsp;<a href=\"https://www.javatpoint.com/java-while-loop\">while loop</a>&nbsp;is also used to iterate over the number of statements multiple times. However, if we don&#39;t know the number of iterations in advance, it is recommended to use a while loop. Unlike for loop, the initialization and increment/decrement doesn&#39;t take place inside the loop statement in while loop.</p>\r\n\r\n<p>It is also known as the entry-controlled loop since the condition is checked at the start of the loop. If the condition is true, then the loop body will be executed; otherwise, the statements after the loop will be executed.</p>\r\n\r\n<p>The syntax of the while loop is given below.</p>\r\n\r\n<ol>\r\n	<li>while(condition){&nbsp;&nbsp;&nbsp;&nbsp;</li>\r\n	<li>//looping&nbsp;statements&nbsp;&nbsp;&nbsp;&nbsp;</li>\r\n	<li>}&nbsp;&nbsp;&nbsp;&nbsp;</li>\r\n</ol>\r\n\r\n<h3>Java do-while loop</h3>\r\n\r\n<p>The&nbsp;<a href=\"https://www.javatpoint.com/java-do-while-loop\">do-while loop</a>&nbsp;checks the condition at the end of the loop after executing the loop statements. When the number of iteration is not known and we have to execute the loop at least once, we can use do-while loop.</p>\r\n\r\n<p>It is also known as the exit-controlled loop since the condition is not checked in advance. The syntax of the do-while loop is given below.</p>\r\n\r\n<ol>\r\n	<li>do&nbsp;&nbsp;&nbsp;&nbsp;&nbsp;</li>\r\n	<li>{&nbsp;&nbsp;&nbsp;&nbsp;</li>\r\n	<li>//statements&nbsp;&nbsp;&nbsp;&nbsp;</li>\r\n	<li>}&nbsp;while&nbsp;(condition);</li>\r\n</ol>\r\n\r\n<p>Jump Statements</p>\r\n\r\n<p>Jump statements are used to transfer the control of the program to the specific statements. In other words, jump statements transfer the execution control to the other part of the program. There are two types of jump statements in Java, i.e., break and continue.</p>\r\n\r\n<p>Java break statement</p>\r\n\r\n<p>As the name suggests, the&nbsp;<a href=\"https://www.javatpoint.com/java-break\">break statement</a>&nbsp;is used to break the current flow of the program and transfer the control to the next statement outside a loop or switch statement. However, it breaks only the inner loop in the case of the nested loop.</p>\r\n\r\n<p>The break statement cannot be used independently in the Java program, i.e., it can only be written inside the loop or switch statement.</p>\r\n\r\n<p>The break statement example with for loop</p>\r\n\r\n<p>Consider the following example in which we have used the break statement with the for loop.</p>\r\n\r\n<p>BreakExample.java</p>\r\n\r\n<ol>\r\n	<li>public&nbsp;class&nbsp;BreakExample&nbsp;{&nbsp;&nbsp;</li>\r\n	<li>&nbsp;&nbsp;</li>\r\n	<li>public&nbsp;static&nbsp;void&nbsp;main(String[]&nbsp;args)&nbsp;{&nbsp;&nbsp;</li>\r\n	<li>//&nbsp;TODO&nbsp;Auto-generated&nbsp;method&nbsp;stub&nbsp;&nbsp;</li>\r\n	<li>for(int&nbsp;i&nbsp;=&nbsp;0;&nbsp;i&lt;=&nbsp;10;&nbsp;i++)&nbsp;{&nbsp;&nbsp;</li>\r\n	<li>System.out.println(i);&nbsp;&nbsp;</li>\r\n	<li>if(i==6)&nbsp;{&nbsp;&nbsp;</li>\r\n	<li>break;&nbsp;&nbsp;</li>\r\n	<li>}&nbsp;&nbsp;</li>\r\n	<li>}&nbsp;&nbsp;</li>\r\n	<li>}&nbsp;&nbsp;</li>\r\n	<li>}&nbsp;&nbsp;</li>\r\n</ol>\r\n\r\n<p>Java continue statement</p>\r\n\r\n<p>Unlike break statement, the&nbsp;<a href=\"https://www.javatpoint.com/java-continue\">continue statement</a>&nbsp;doesn&#39;t break the loop, whereas, it skips the specific part of the loop and jumps to the next iteration of the loop immediately.</p>\r\n\r\n<p>Consider the following example to understand the functioning of the continue statement in Java.</p>\r\n\r\n<ol>\r\n	<li>public&nbsp;class&nbsp;ContinueExample&nbsp;{&nbsp;&nbsp;</li>\r\n	<li>&nbsp;&nbsp;</li>\r\n	<li>public&nbsp;static&nbsp;void&nbsp;main(String[]&nbsp;args)&nbsp;{&nbsp;&nbsp;</li>\r\n	<li>//&nbsp;TODO&nbsp;Auto-generated&nbsp;method&nbsp;stub&nbsp;&nbsp;</li>\r\n	<li>&nbsp;&nbsp;</li>\r\n	<li>for(int&nbsp;i&nbsp;=&nbsp;0;&nbsp;i&lt;=&nbsp;2;&nbsp;i++)&nbsp;{&nbsp;&nbsp;</li>\r\n	<li>&nbsp;&nbsp;</li>\r\n	<li>for&nbsp;(int&nbsp;j&nbsp;=&nbsp;i;&nbsp;j&lt;=5;&nbsp;j++)&nbsp;{&nbsp;&nbsp;</li>\r\n	<li>&nbsp;&nbsp;</li>\r\n	<li>if(j&nbsp;==&nbsp;4)&nbsp;{&nbsp;&nbsp;</li>\r\n	<li>continue;&nbsp;&nbsp;</li>\r\n	<li>}&nbsp;&nbsp;</li>\r\n	<li>System.out.println(j);&nbsp;&nbsp;</li>\r\n	<li>}&nbsp;&nbsp;</li>\r\n	<li>}&nbsp;&nbsp;</li>\r\n	<li>}&nbsp;&nbsp;</li>\r\n	<li>}</li>\r\n</ol>\r\n\r\n<h1>Java Arrays</h1>\r\n\r\n<p>Normally, an array is a collection of similar type of elements which has contiguous memory location.</p>\r\n\r\n<p>Java array&nbsp;is an object which contains elements of a similar data type. Additionally, The elements of an array are stored in a contiguous memory location. It is a data structure where we store similar elements. We can store only a fixed set of elements in a Java array.</p>\r\n\r\n<p>Array in Java is index-based, the first element of the array is stored at the 0th index, 2nd element is stored on 1st index and so on.</p>\r\n\r\n<p>Unlike C/C++, we can get the length of the array using the length member. In C/C++, we need to use the sizeof operator.</p>\r\n\r\n<p>In Java, array is an object of a dynamically generated class. Java array inherits the Object class, and implements the Serializable as well as Cloneable interfaces. We can store primitive values or objects in an array in Java. Like C/C++, we can also create single dimentional or multidimentional arrays in Java.</p>\r\n\r\n<p>Advantages</p>\r\n\r\n<ul>\r\n	<li>Code Optimization:&nbsp;It makes the code optimized, we can retrieve or sort the data efficiently.</li>\r\n	<li>Random access:&nbsp;We can get any data located at an index position.</li>\r\n</ul>\r\n\r\n<p>Disadvantages</p>\r\n\r\n<ul>\r\n	<li>Size Limit:&nbsp;We can store only the fixed size of elements in the array. It doesn&#39;t grow its size at runtime. To solve this problem, collection framework is used in Java which grows automatically.</li>\r\n</ul>\r\n\r\n<h3>Types of Array in java</h3>\r\n\r\n<p>There are two types of array.</p>\r\n\r\n<ul>\r\n	<li>Single Dimensional Array</li>\r\n	<li>Multidimensional Array</li>\r\n</ul>\r\n\r\n<div>\r\n<hr /></div>\r\n\r\n<h2>Single Dimensional Array in Java</h2>\r\n\r\n<p>Syntax to Declare an Array in Java</p>\r\n\r\n<ol>\r\n	<li>dataType[]&nbsp;arr;&nbsp;(or)&nbsp;&nbsp;</li>\r\n	<li>dataType&nbsp;[]arr;&nbsp;(or)&nbsp;&nbsp;</li>\r\n	<li>dataType&nbsp;arr[];&nbsp;&nbsp;</li>\r\n</ol>\r\n\r\n<p>Instantiation of an Array in Java</p>\r\n\r\n<ol>\r\n	<li>arrayRefVar=new&nbsp;datatype[size];&nbsp;&nbsp;</li>\r\n</ol>\r\n\r\n<p>example :</p>\r\n\r\n<ol>\r\n	<li>/Java&nbsp;Program&nbsp;to&nbsp;illustrate&nbsp;the&nbsp;use&nbsp;of&nbsp;declaration,&nbsp;instantiation&nbsp;&nbsp;&nbsp;</li>\r\n	<li>//and&nbsp;initialization&nbsp;of&nbsp;Java&nbsp;array&nbsp;in&nbsp;a&nbsp;single&nbsp;line&nbsp;&nbsp;</li>\r\n	<li>class&nbsp;Testarray1{&nbsp;&nbsp;</li>\r\n	<li>public&nbsp;static&nbsp;void&nbsp;main(String&nbsp;args[]){&nbsp;&nbsp;</li>\r\n	<li>int&nbsp;a[]={33,3,4,5};//declaration,&nbsp;instantiation&nbsp;and&nbsp;initialization&nbsp;&nbsp;</li>\r\n	<li>//printing&nbsp;array&nbsp;&nbsp;</li>\r\n	<li>for(int&nbsp;i=0;i&lt;a.length;i++)//length&nbsp;is&nbsp;the&nbsp;property&nbsp;of&nbsp;array&nbsp;&nbsp;</li>\r\n	<li>System.out.println(a[i]);&nbsp;&nbsp;</li>\r\n	<li>}}&nbsp;&nbsp;</li>\r\n</ol>\r\n\r\n<h2>Multidimensional Array in Java</h2>\r\n\r\n<p>In such case, data is stored in row and column based index (also known as matrix form).</p>\r\n\r\n<p>Syntax to Declare Multidimensional Array in Java</p>\r\n\r\n<ol>\r\n	<li>dataType[][]&nbsp;arrayRefVar;&nbsp;(or)&nbsp;&nbsp;</li>\r\n	<li>dataType&nbsp;[][]arrayRefVar;&nbsp;(or)&nbsp;&nbsp;</li>\r\n	<li>dataType&nbsp;arrayRefVar[][];&nbsp;(or)&nbsp;&nbsp;</li>\r\n	<li>dataType&nbsp;[]arrayRefVar[];</li>\r\n</ol>\r\n\r\n<p>&nbsp;</p>\r\n\r\n<ol>\r\n	<li>//Java&nbsp;Program&nbsp;to&nbsp;illustrate&nbsp;the&nbsp;use&nbsp;of&nbsp;multidimensional&nbsp;array&nbsp;&nbsp;</li>\r\n	<li>class&nbsp;Testarray3{&nbsp;&nbsp;</li>\r\n	<li>public&nbsp;static&nbsp;void&nbsp;main(String&nbsp;args[]){&nbsp;&nbsp;</li>\r\n	<li>//declaring&nbsp;and&nbsp;initializing&nbsp;2D&nbsp;array&nbsp;&nbsp;</li>\r\n	<li>int&nbsp;arr[][]={{1,2,3},{2,4,5},{4,4,5}};&nbsp;&nbsp;</li>\r\n	<li>//printing&nbsp;2D&nbsp;array&nbsp;&nbsp;</li>\r\n	<li>for(int&nbsp;i=0;i&lt;3;i++){&nbsp;&nbsp;</li>\r\n	<li>&nbsp;for(int&nbsp;j=0;j&lt;3;j++){&nbsp;&nbsp;</li>\r\n	<li>&nbsp;&nbsp;&nbsp;System.out.print(arr[i][j]+&quot;&nbsp;&quot;);&nbsp;&nbsp;</li>\r\n	<li>&nbsp;}&nbsp;&nbsp;</li>\r\n	<li>&nbsp;System.out.println();&nbsp;&nbsp;</li>\r\n	<li>}&nbsp;&nbsp;</li>\r\n	<li>}}&nbsp;&nbsp;</li>\r\n</ol>\r\n\r\n<p>Java Console Class</p>\r\n\r\n<p>The Java Console class is be used to get input from console. It provides methods to read texts and</p>\r\n\r\n<p>passwords.</p>\r\n\r\n<p>If you read password using Console class, it will not be displayed to the user.</p>\r\n\r\n<p>The java.io.Console class is attached with system console internally. The Console class is</p>\r\n\r\n<p>introduced since 1.5.</p>\r\n\r\n<p>Let&#39;s see a simple example to read text from console.</p>\r\n\r\n<p>1. Stringtext = System.console().readLine();</p>\r\n\r\n<p>2. System.out.println(&quot;Text is:&quot;+text);</p>\r\n\r\n<p>&nbsp;</p>\r\n\r\n<p>&nbsp;</p>\r\n\r\n<p>&nbsp;&nbsp;</p>\r\n\r\n<p>&nbsp;</p>\r\n\r\n<p>&nbsp;</p>\r\n\r\n<p>&nbsp;</p>\r\n'),
(12, 1, 'Object in Java', 'Object in Java', '<p>What is an object in Java</p>\r\n\r\n<p>An entity that has state and behavior is known as an object e.g., chair, bike, marker, pen, table, car, etc. It can be physical or logical (tangible and intangible).</p>\r\n\r\n<ul>\r\n	<li>State:&nbsp;represents the data (value) of an object.</li>\r\n	<li>Behavior:&nbsp;represents the behavior (functionality) of an object such as deposit, withdraw, etc.</li>\r\n	<li>Identity:&nbsp;An object identity is typically implemented via a unique ID. The value of the ID is not visible to the external user. However, it is used internally by the JVM to identify each object uniquely.</li>\r\n</ul>\r\n\r\n<p>An object is an instance of a class.&nbsp;A class is a template or blueprint from which objects are created. So, an object is the instance(result) of a class.</p>\r\n\r\n<p>Object Definitions:</p>\r\n\r\n<ul>\r\n	<li>An object is&nbsp;a real-world entity.</li>\r\n	<li>An object is&nbsp;a runtime entity.</li>\r\n	<li>The object is&nbsp;an entity which has state and behavior.</li>\r\n	<li>The object is&nbsp;an instance of a class.</li>\r\n</ul>\r\n\r\n<h2>What is a class in Java</h2>\r\n\r\n<p>A class is a group of objects which have common properties. It is a template or blueprint from which objects are created. It is a logical entity. It can&#39;t be physical.</p>\r\n\r\n<p>A class in Java can contain:</p>\r\n\r\n<ul>\r\n	<li>Fields</li>\r\n	<li>Methods</li>\r\n	<li>Constructors</li>\r\n	<li>Blocks</li>\r\n	<li>Nested class and interface</li>\r\n</ul>\r\n\r\n<p>Syntax to declare a class:</p>\r\n\r\n<ol>\r\n	<li>class&nbsp;&lt;class_name&gt;{&nbsp;&nbsp;</li>\r\n	<li>&nbsp;&nbsp;&nbsp;&nbsp;field;&nbsp;&nbsp;</li>\r\n	<li>&nbsp;&nbsp;&nbsp;&nbsp;method;&nbsp;&nbsp;</li>\r\n	<li>}&nbsp;&nbsp;</li>\r\n	<li>//Java&nbsp;Program&nbsp;to&nbsp;illustrate&nbsp;how&nbsp;to&nbsp;define&nbsp;a&nbsp;class&nbsp;and&nbsp;fields&nbsp;&nbsp;</li>\r\n	<li>//Defining&nbsp;a&nbsp;Student&nbsp;class.&nbsp;&nbsp;</li>\r\n	<li>class&nbsp;Student{&nbsp;&nbsp;</li>\r\n	<li>&nbsp;//defining&nbsp;fields&nbsp;&nbsp;</li>\r\n	<li>&nbsp;int&nbsp;id;//field&nbsp;or&nbsp;data&nbsp;member&nbsp;or&nbsp;instance&nbsp;variable&nbsp;&nbsp;</li>\r\n	<li>&nbsp;String&nbsp;name;&nbsp;&nbsp;</li>\r\n	<li>&nbsp;//creating&nbsp;main&nbsp;method&nbsp;inside&nbsp;the&nbsp;Student&nbsp;class&nbsp;&nbsp;</li>\r\n	<li>&nbsp;public&nbsp;static&nbsp;void&nbsp;main(String&nbsp;args[]){&nbsp;&nbsp;</li>\r\n	<li>&nbsp;&nbsp;//Creating&nbsp;an&nbsp;object&nbsp;or&nbsp;instance&nbsp;&nbsp;</li>\r\n	<li>&nbsp;&nbsp;Student&nbsp;s1=new&nbsp;Student();//creating&nbsp;an&nbsp;object&nbsp;of&nbsp;Student&nbsp;&nbsp;</li>\r\n	<li>&nbsp;&nbsp;//Printing&nbsp;values&nbsp;of&nbsp;the&nbsp;object&nbsp;&nbsp;</li>\r\n	<li>&nbsp;&nbsp;System.out.println(s1.id);//accessing&nbsp;member&nbsp;through&nbsp;reference&nbsp;variable&nbsp;&nbsp;</li>\r\n	<li>&nbsp;&nbsp;System.out.println(s1.name);&nbsp;&nbsp;</li>\r\n	<li>&nbsp;}&nbsp;&nbsp;</li>\r\n	<li>}&nbsp;&nbsp;</li>\r\n</ol>\r\n\r\n<h2>What are the different ways to create an object in Java?</h2>\r\n\r\n<p>There are many ways to create an object in java. They are:</p>\r\n\r\n<ul>\r\n	<li>By new keyword</li>\r\n	<li>By newInstance() method</li>\r\n	<li>By clone() method</li>\r\n	<li>By deserialization</li>\r\n	<li>By factory method etc.</li>\r\n</ul>\r\n\r\n<p>Constructors</p>\r\n\r\n<ul>\r\n	<li>Constructor in java is a special type of method that is used to initialize the object.</li>\r\n	<li>Java constructor is invoked at the time of object creation. It constructs the values i.e. provides data for the object that is why it is known as constructor.</li>\r\n</ul>\r\n\r\n<p>There are basically two rules defined for the constructor.</p>\r\n\r\n<p>1. Constructor name must be same as its classname</p>\r\n\r\n<p>2. Constructor must have no explicit returntype</p>\r\n\r\n<p>Types of java constructors</p>\r\n\r\n<p>There are two types of constructors:</p>\r\n\r\n<p>1. Default constructor (no-arg constructor)</p>\r\n\r\n<p>2. Parameterized constructor</p>\r\n\r\n<p>Java Default Constructor</p>\r\n\r\n<p>A constructor that have no parameter is known as default constructor.</p>\r\n\r\n<p>Syntax of default constructor:</p>\r\n\r\n<p>1. &lt;class_name&gt;(){}</p>\r\n\r\n<p>Example of default constructor</p>\r\n\r\n<p>In this example, we are creating the no-arg constructor in the Bike class. It will be invoked at</p>\r\n\r\n<p>the time of object creation.</p>\r\n\r\n<p>classBike1{</p>\r\n\r\n<p>Bike1(){System.out.println(&quot;Bike is created&quot;);}</p>\r\n\r\n<p>public static void main(String args[]){</p>\r\n\r\n<p>Bike1 b=new Bike1();</p>\r\n\r\n<p>} }</p>\r\n\r\n<p>Output: Bike is created</p>\r\n\r\n<p>Example of parameterized constructor</p>\r\n\r\n<p>In this example, we have created the constructor of Student class that have two parameters. We</p>\r\n\r\n<p>can have any number of parameters in the constructor.</p>\r\n\r\n<p>classStudent4{</p>\r\n\r\n<p>int id;</p>\r\n\r\n<p>String name;</p>\r\n\r\n<p>Student4(int i, String n){</p>\r\n\r\n<p>id = i;</p>\r\n\r\n<p>name = n;</p>\r\n\r\n<p>}</p>\r\n\r\n<p>Void display(){</p>\r\n\r\n<p>System.out.println(id+&quot; &quot;+name);}</p>\r\n\r\n<p>public static void main(String args[]){</p>\r\n\r\n<p>Student4 s1 = new Student4(111,&quot;Karan&quot;);</p>\r\n\r\n<p>Student4 s2 = new Student4(222,&quot;Aryan&quot;);</p>\r\n\r\n<p>s1.display();</p>\r\n\r\n<p>s2.display();</p>\r\n\r\n<p>} }</p>\r\n\r\n<p>Output:</p>\r\n\r\n<p>Constructor Overloading in Java</p>\r\n\r\n<p>Constructor overloading is a technique in Java in which a class can have any number of constructors that differ in parameter lists.The compiler differentiates these constructors by taking into account the number of parameters in the list and their type.</p>\r\n\r\n<p>Example of Constructor Overloading</p>\r\n\r\n<p>classStudent5{</p>\r\n\r\n<p>int id; String</p>\r\n\r\n<p>name;</p>\r\n\r\n<p>int age;</p>\r\n\r\n<p>Student5(int i,String n){</p>\r\n\r\n<p>id = i;</p>\r\n\r\n<p>name = n;</p>\r\n\r\n<p>}</p>\r\n\r\n<p>Student5(int i, String n, int a){</p>\r\n\r\n<p>id = i;</p>\r\n\r\n<p>name = n;</p>\r\n\r\n<p>age=a;</p>\r\n\r\n<p>}</p>\r\n\r\n<p>Void display(){</p>\r\n\r\n<p>System.out.println(id+&quot; &quot;+name+&quot; &quot;+age);}</p>\r\n\r\n<p>public static void main(String args[]){</p>\r\n\r\n<p>Student5 s1 = new Student5(111,&quot;Karan&quot;);</p>\r\n\r\n<p>Student5 s2 = new Student5(222,&quot;Aryan&quot;,25);</p>\r\n\r\n<p>s1.display();</p>\r\n\r\n<p>}}</p>\r\n\r\n<p>Output :111Karan</p>\r\n\r\n<p>222Aryan</p>\r\n\r\n<p>Java Copy Constructor</p>\r\n\r\n<p>There is no copy constructor in java. But, we can copy the values of one object to another like copy constructor in C++. There are many ways to copy the values of one object into another in java. They are:</p>\r\n\r\n<ul>\r\n	<li>By constructor</li>\r\n	<li>By assigning the values of one object into another</li>\r\n	<li>By clone() method of Object class</li>\r\n</ul>\r\n\r\n<p>Java -Methods</p>\r\n\r\n<p>A Java method is a collection of statements that are grouped together to perform an operation. When you call the System.out.println() method, for example, the system actually executes several statements in order to display a message on the console .Now you will learn how to create your own methods with or without return values, invoke a method with or without parameters, and apply method abstraction in the program design.</p>\r\n\r\n<p>Creating Method</p>\r\n\r\n<p>Considering the following example to explain the syntax of a method &minus;public static int method Name(int a, int b) {</p>\r\n\r\n<p>// body</p>\r\n\r\n<p>}</p>\r\n\r\n<p>Here,</p>\r\n\r\n<p>ï‚· public static &minus;modifier</p>\r\n\r\n<p>ï‚· int &ndash; return type</p>\r\n\r\n<p>ï‚· method Name &minus; name of the method</p>\r\n\r\n<p>ï‚· a, b &ndash; formal parameters</p>\r\n\r\n<p>ï‚· int a, int b &minus; list of parameters</p>\r\n\r\n<p>Method definition consists of a method header and a method body.</p>\r\n\r\n<p>modifier&minus; It defines the access type of the method and it is optional to use.</p>\r\n\r\n<p>ï‚· return&nbsp; Type&minus; Method may return a value.</p>\r\n\r\n<p>ï‚· name Of Method&minus; This is the method name. The method signature consists of the method name and the parameter list.</p>\r\n\r\n<p>Parameter List &minus; The list of parameters, it is the type, order, and number of parameters of a method. These are optional, method may contain zero parameters.</p>\r\n\r\n<p>ï‚· method body &minus; The method body defines what the method does with the statements.</p>\r\n\r\n<p>Call by Value and Call by Reference in Java</p>\r\n\r\n<p>There is only call by value in java, not call by reference. If we call a method passing a value, it is known as call by value. The changes being done in the called method, is not affected in the calling method.</p>\r\n\r\n<p>Static Fields and Methods</p>\r\n\r\n<p>The static keyword in java is used for memory management mainly. We can apply java static keyword with variables, methods, blocks and nested class. The static keyword belongs to the class than instance of the class.The static can be:</p>\r\n\r\n<p>1. variable (also known as class&nbsp; variable)</p>\r\n\r\n<p>2. method (also known as class method)</p>\r\n\r\n<p>3. block</p>\r\n\r\n<p>4. nested class</p>\r\n\r\n<p>Java static variable</p>\r\n\r\n<p>If you declare any variable as static, it is known static variable.</p>\r\n\r\n<p>o The static variable can be used to refer the common property of all objects (that is not unique for each object) e.g. company name of employees ,college name of students etc.</p>\r\n\r\n<p>o The static variable gets memory only once in class area at the time of class loading.</p>\r\n\r\n<p>Advantage of static variable</p>\r\n\r\n<p>It makes your program memory efficient (i.e it saves memory).</p>\r\n\r\n<p>Java static method</p>\r\n\r\n<p>If you apply static keyword with any method, it is known as static method.</p>\r\n\r\n<p>o A static method belongs to the class rather than object of a class.</p>\r\n\r\n<p>o A static method can be invoked without the need for creating an instance of a&nbsp; class.</p>\r\n\r\n<p>o static method can access static data member and can change the value of it.</p>\r\n\r\n<p>Java static block</p>\r\n\r\n<p>o Is used to initialize the static data member.</p>\r\n\r\n<p>o It is executed before main method at the time of class loading.</p>\r\n\r\n<p>Example of static block</p>\r\n\r\n<p>class A2{</p>\r\n\r\n<p>static{System.out.println(&quot;static block is invoked&quot;);}</p>\r\n\r\n<p>public static void main(String args[]){</p>\r\n\r\n<p>System.out.println(&quot;Hello main&quot;);</p>\r\n\r\n<p>} }</p>\r\n\r\n<p>Access Control</p>\r\n\r\n<p>Access Modifiers in java</p>\r\n\r\n<p>There are two types of modifiers in java: access modifiers and non-access modifiers.The access modifiers in java specifies accessibility (scope) of a data member, method, constructor or class.</p>\r\n\r\n<p>There are 4 types of java access modifiers:</p>\r\n\r\n<p>1.private</p>\r\n\r\n<p>2. default</p>\r\n\r\n<p>3. protected</p>\r\n\r\n<p>4. public</p>\r\n\r\n<p>private access modifier</p>\r\n\r\n<p>The private access modifier is accessible only within class.</p>\r\n\r\n<p>default access modifier</p>\r\n\r\n<p>If you don&#39;t use any modifier, it is treated as default by default. The default modifier is accessible only within package.</p>\r\n\r\n<p>protected access modifier</p>\r\n\r\n<p>The protected access modifier is accessible within package and outside the package but through inheritance only .The protected access modifier can be applied on the data member, method and constructor. It can&#39;t be applied on the class public access modifierThe public access modifier is accessible everywhere. It has the widest scope among all other modifiers.</p>\r\n\r\n<p>this keyword in java</p>\r\n\r\n<p>Usage of java this keyword</p>\r\n\r\n<p>Here is given the 6 usage of java this keyword.</p>\r\n\r\n<p>1. this can be used to refer current class instance variable.</p>\r\n\r\n<p>2. this can be used to invoke current class method(implicitly)</p>\r\n\r\n<p>3. this() can be used to invoke current class constructor.</p>\r\n\r\n<p>4. can be passed as an argument in the method call.</p>\r\n\r\n<p>5. this can be passed as argument in the constructor call.</p>\r\n\r\n<p>6. this can be used to return the current class instance from the method.</p>\r\n\r\n<p>Constructor Overloading in Java</p>\r\n\r\n<p>Constructor overloading is a technique in Java in which a class can have any number of constructors that differ in parameter lists .The compiler differentiates these constructors by taking into account the number of parameters in the list and their type.</p>\r\n\r\n<p>Method Overloading in java</p>\r\n\r\n<p>If a class has multiple methods having same name but different in parameters, it is known as Method Overloading .If we have to perform only one operation, having same name of the methods increases the readability of the program.</p>\r\n\r\n<p>Method Overloading: changing no. of arguments .Method Overloading: changing data type of arguments.</p>\r\n\r\n<p>Java Garbage Collection</p>\r\n\r\n<p>In java, garbage means unreferenced objects .Garbage Collection is process of reclaiming the runtime unused memory automatically. In other words, it is a way to destroy the unused objects .To do so, we were using free() function in C language and delete() in C++. But, in java it is performed automatically. So, java provides better memory management.</p>\r\n\r\n<p>Advantage of Garbage Collection</p>\r\n\r\n<p>o It makes java memory efficient because garbage collector removes the unreferenced objects from heap memory.</p>\r\n\r\n<p>o It is automatically done by the garbage collector(a part of JVM) so we don&#39;t need to make extra efforts.</p>\r\n\r\n<p>gc () method: The gc() method is used to invoke the garbage collector to perform clean up processing. The gc() is found in System and Runtime classes.</p>\r\n\r\n<p>public static void gc(){}</p>\r\n\r\n<p>Java String</p>\r\n\r\n<p>string is basically an object that represents sequence of char values. An array of characters works same as java string. For example:</p>\r\n\r\n<p>1. char[] ch={&#39;j&#39;,&#39;a&#39;,&#39;v&#39;,&#39;a&#39;,&#39;t&#39;,&#39;p&#39;,&#39;o&#39;,&#39;i&#39;,&#39;n&#39;,&#39;t&#39;};</p>\r\n\r\n<p>2. String s=new String(ch);</p>\r\n\r\n<p>Is same as:</p>\r\n\r\n<p>1. Strings=&quot;javatpoint&quot;;</p>\r\n\r\n<p>2. Java String class provides a lot of methods to perform operations on string such as compare(), concat(), equals(), split(), length(), replace(), compareTo(), intern(), substring() etc.</p>\r\n\r\n<p>3. The java.lang.String class implements Serializable, Comparable and CharSequence interfaces .charSequence interface is used to represent sequence of characters. It is implemented by String, StringBuffer and StringBuilder classes. It means, we can create string in java by using these 3 classes.</p>\r\n\r\n<p>The java String is immutable i.e. it cannot be changed. Whenever we change any string, a new instance is created. For mutable string, you can use StringBuffer and StringBuilder classes.</p>\r\n\r\n<p>There are two ways to create String object:</p>\r\n\r\n<p>1. By string literal</p>\r\n\r\n<p>2. By new keyword</p>\r\n\r\n<p>String Literal</p>\r\n\r\n<p>Java String literal is created by using double quotes. For Example:</p>\r\n\r\n<p>1. String s=&quot;welcome&quot;;</p>\r\n\r\n<p>Each time you create a string literal, the JVM checks the string constant pool first. If the string already exists in the pool, a reference to the pooled instance is returned. If string doesn&#39;t exist in the pool, a new string instance is created and placed in the pool. For example:</p>\r\n\r\n<p>1. Strings1=&quot;Welcome&quot;;</p>\r\n\r\n<p>2. String s2=&quot;Welcome&quot;;//will not create new instance</p>\r\n\r\n<p>By new keyword</p>\r\n\r\n<p>1. String s=new String(&quot;Welcome&quot;);//creates two objects and one reference variable. In such case, JVM will create a new string object in normal (non pool) heap memory and the literal &quot;Welcome&quot; will be placed in the string constant pool. The variable s will refer to the object in heap (non pool).</p>\r\n\r\n<p>Immutable String in Java</p>\r\n\r\n<p>In java, string objects are immutable. Immutable simply means unmodifiable or unchangeable. Once string object is created its data or state can&#39;t be changed but a new string object is created.</p>\r\n\r\n<p>Let&#39;s try to understand the immutability concept by the example given below:</p>\r\n\r\n<p>classTestimmutablestring{</p>\r\n\r\n<p>public static void main(String args[]){</p>\r\n\r\n<p>String s=&quot;Sachin&quot;;</p>\r\n\r\n<p>s.concat(&quot; Tendulkar&quot;);//concat() method appends the string at the end</p>\r\n\r\n<p>System.out.println(s);//will print Sachin because strings are immutable objects</p>\r\n\r\n<p>}}</p>\r\n\r\n<p>Output: Sachin Tendulkar</p>\r\n\r\n<p>&nbsp;</p>\r\n\r\n<p>&nbsp;</p>\r\n');
INSERT INTO `units` (`unit_id`, `c_id`, `unit_name`, `unit_description`, `content`) VALUES
(13, 1, 'Exception Handling in java ', 'Exception Handling in java ', '<p>Exception Handling in java</p>\r\n\r\n<p>The exception handling in java is one of the powerful mechanism to handle the runtime errors so that normal flow of the application can be maintained.</p>\r\n\r\n<p>What is exception</p>\r\n\r\n<p>In java, exception is an event that disrupts the normal flow of the program. It is an object which is thrown at runtime.</p>\r\n\r\n<p>Advantage of Exception Handling</p>\r\n\r\n<p>The core advantage of exception handling is to maintain the normal flow of the application. Exception normally disrupts the normal flow of the application that is why we use exception handling.</p>\r\n\r\n<p>Types of Exception</p>\r\n\r\n<p>There are mainly two types of exceptions: checked and unchecked where error is considered as unchecked exception. The sun microsystem says there are three types of exceptions:</p>\r\n\r\n<p>1. Checked Exception</p>\r\n\r\n<p>2. Unchecked Exception</p>\r\n\r\n<p>3. Error</p>\r\n\r\n<p>Difference between checked and unchecked exceptions</p>\r\n\r\n<p>1) Checked Exception: The classes that extend Throwable class except Runtime Exception and Error are known as checked exceptions. e.g.IOException, SQLException etc. Checked exceptions are checked at compile-time.</p>\r\n\r\n<p>2) Unchecked Exception: The classes that extend Runtime Exception are known as unchecked exceptions</p>\r\n\r\n<p>e.g. ArithmeticException, NullPointerException, ArrayIndexOutOfBoundsException etc. Unchecked exceptions are not checked at compile-time rather they are checked at runtime.</p>\r\n\r\n<p>3) Error: Error is irrecoverable</p>\r\n\r\n<p>&nbsp;e.g. OutOfMemoryError , VirtualMachineError, AssertionErroretc.</p>\r\n\r\n<p>Java try block</p>\r\n\r\n<p>Java try block is used to enclose the code that might throw an exception. It must be used within the method .Java try block must be followed by either catch or finally block.</p>\r\n\r\n<p>Syntax of java try-catch</p>\r\n\r\n<p>1. try{</p>\r\n\r\n<p>2. //code that may throw exception</p>\r\n\r\n<p>3. }catch(Exception_class_Name ref){}</p>\r\n\r\n<p>Syntax of try-finally block</p>\r\n\r\n<p>1. try{</p>\r\n\r\n<p>2. //code that may throwexception</p>\r\n\r\n<p>3. }finally{}</p>\r\n\r\n<p>Java catch block</p>\r\n\r\n<p>Java catch block is used to handle the Exception. It must be used after the try block only. You can use multiple catch block with a single try.</p>\r\n\r\n<p>Java Multi catch block</p>\r\n\r\n<p>If you have to perform different tasks at the occurrence of different Exceptions, use java multi catch block.</p>\r\n\r\n<p>Let&#39;s see a simple example of java multi-catch block.</p>\r\n\r\n<p>1. public classTestMultipleCatchBlock{</p>\r\n\r\n<p>2. public static void main(Stringargs[]){</p>\r\n\r\n<p>3. try{</p>\r\n\r\n<p>4. int a[]=new int[5];</p>\r\n\r\n<p>5. a[5]=30/0;</p>\r\n\r\n<p>6. }</p>\r\n\r\n<p>7. catch(ArithmeticException e){System.out.println(&quot;task1 iscompleted&quot;);}</p>\r\n\r\n<p>8. catch(ArrayIndexOutOfBoundsException e){System.out.println(&quot;task 2 completed&quot;);</p>\r\n\r\n<p>9. }</p>\r\n\r\n<p>10. catch(Exception e){System.out.println(&quot;common taskcompleted&quot;);</p>\r\n\r\n<p>11. }</p>\r\n\r\n<p>12. System.out.println(&quot;rest of the code...&quot;);</p>\r\n\r\n<p>13. } }</p>\r\n\r\n<p>Java nested try example</p>\r\n\r\n<p>Let&#39;s see a simple example of java nested try block.</p>\r\n\r\n<p>classExcep6{</p>\r\n\r\n<p>public static void main(String args[]){</p>\r\n\r\n<p>try{try{</p>\r\n\r\n<p>System.out.println(&quot;going to divide&quot;);</p>\r\n\r\n<p>Int b =39/0;</p>\r\n\r\n<p>}catch(ArithmeticException e){System.out.println(e);}</p>\r\n\r\n<p>try{</p>\r\n\r\n<p>int a[]=new int[5];</p>\r\n\r\n<p>a[5]=4;</p>\r\n\r\n<p>}catch(ArrayIndexOutOfBoundsException e){System.out.println(e);}</p>\r\n\r\n<p>System.out.println(&quot;other statement);</p>\r\n\r\n<p>}catch(Exception e){System.out.println(&quot;handeled&quot;);}</p>\r\n\r\n<p>System.out.println(&quot;normal flow..&quot;);</p>\r\n\r\n<p>}</p>\r\n\r\n<p>1. }</p>\r\n\r\n<p>Java finally block</p>\r\n\r\n<ul>\r\n	<li>Java throw keyword Java finally block is a block that is used to execute important code such as closing connection, stream etc.</li>\r\n	<li>Java finally block is always executed whether exception is handled or not.</li>\r\n	<li>Java finally block follows try or catch block.</li>\r\n</ul>\r\n\r\n<p>Java keyword</p>\r\n\r\n<p>The Java throw keyword is used to explicitly throw an exception.</p>\r\n\r\n<p>We can throw either checked or uncheked exception in java by throw keyword. The throw keyword is mainly used to throw custom exception. We will see custom exceptions later.</p>\r\n\r\n<p>The syntax of java throw keyword is given below.</p>\r\n\r\n<p>1. throwexception;</p>\r\n\r\n<p>Java throws keyword</p>\r\n\r\n<p>The Java throws keyword is used to declare an exception. It gives an information to the programmer that there may occur an exception so it is better for the programmer to provide the exception handling code so that normal flow can be maintained.</p>\r\n\r\n<p>Exception Handling is mainly used to handle the checked exceptions. If there occurs any unchecked exception such as NullPointerException, it is programmers fault that he is not performing check up before the code being used.</p>\r\n\r\n<p>Syntax of java throws</p>\r\n\r\n<p>1. return_type method_name() throwsexception_class_name{</p>\r\n\r\n<p>2. //method</p>\r\n\r\n<p>Code</p>\r\n\r\n<p>3. }</p>\r\n\r\n<p>Java Custom Exception</p>\r\n\r\n<p>If you are creating your own Exception that is known as custom exception or user-defined exception. Java custom exceptions are used to customize the exception according to user need.</p>\r\n\r\n<p>&nbsp;By the help of custom exception, you can have your own exception and message.</p>\r\n\r\n<p>Let&#39;s see a simple example of java custom exception.</p>\r\n\r\n<p>Class InvalidAgeException extends Exception{</p>\r\n\r\n<p>InvalidAgeException(String s){</p>\r\n\r\n<p>super(s);</p>\r\n\r\n<p>} }</p>\r\n\r\n<p>classTestCustomException1{</p>\r\n\r\n<p>static void validate(int age)throws InvalidAgeException{</p>\r\n\r\n<p>if(age&lt;18)</p>\r\n\r\n<p>throw new InvalidAgeException(&quot;not valid&quot;);</p>\r\n\r\n<p>else</p>\r\n\r\n<p>System.out.println(&quot;welcome to vote&quot;);</p>\r\n\r\n<p>}</p>\r\n\r\n<p>public static void main(String args[]){</p>\r\n\r\n<p>try{</p>\r\n\r\n<p>validate(13);</p>\r\n\r\n<p>}catch(Exception m){System.out.println(&quot;Exception occured: &quot;+m);}</p>\r\n\r\n<p>System.out.println(&quot;rest of the code...&quot;);</p>\r\n\r\n<p>}}</p>\r\n\r\n<p>Output :Exception occurred : InvalidAgeException:not valid rest of the code...</p>\r\n\r\n<p>Multithreading</p>\r\n\r\n<ul>\r\n	<li>Multithreading in java is a process of executing multiple threads simultaneously.</li>\r\n	<li>Thread is basically a lightweight sub-process, a smallest unit of processing. Multiprocessing and multithreading, both are used to achieve multitasking.</li>\r\n	<li>But we use multithreading than multiprocessing because threads share a common memory area.</li>\r\n	<li>They don&#39;t allocate separate memory area so saves memory, and context-switching between the threads takes less time than process.</li>\r\n	<li>Java Multithreading is mostly used in games, animation etc.</li>\r\n</ul>\r\n\r\n<p>Advantages of Java Multithreading</p>\r\n\r\n<p>1) It doesn&#39;t block the user because threads are independent and you can perform multiple operations at sametime.</p>\r\n\r\n<p>2) You can perform many operations together so it savestime.</p>\r\n\r\n<p>3) Threads are independent so it doesn&#39;t affect other threads if exception occur in a singlethread.</p>\r\n\r\n<p>Life cycle of a Thread (Thread States)</p>\r\n\r\n<p>A thread can be in one of the five states. According to sun, there is only 4 states in thread life cycle in java new, runnable, non-runnable and terminated. There is no running state.</p>\r\n\r\n<p>But for better understanding the threads, we are explaining it in the 5 states.</p>\r\n\r\n<p>The life cycle of the thread in java is controlled by JVM. The java thread states are as follows:</p>\r\n\r\n<p>1. New</p>\r\n\r\n<p>2. Runnable</p>\r\n\r\n<p>3. Running</p>\r\n\r\n<p>4. Non-Runnable(Blocked)</p>\r\n\r\n<p>5. Terminated</p>\r\n\r\n<p><img src=\"data:image/png;base64,iVBORw0KGgoAAAANSUhEUgAAAlgAAAH0CAMAAADWjqPmAAAATlBMVEX///+Dg4Py9PPi6eU+Pj6ampq/v78DrUwAAABUVFUxMTEnJyfU1NR1dXWurq5kZGSC16YRERHC7NQjuGNEwnqj4b4DSqpkzZFGRkYuT3zGo4yWAAAwgUlEQVR42u2dbZuiPAyFT1sKp1CKBVmd//9H90MB0VFHZ3xDk+e5rnUdB1DvTUKa5gBiYmJiYmJiYmJiYmJiYmJiYmJiYmJiYmJiYmJiYmJiYmJiYmJiYmJLMV1vMzGxX5kLJ7kykWJiv7b6FFgNlRa3LfY78yXNiR9llXw8Yr+2wFPBsBSwxH5vOa2AJSZgiQlYYgKWgCUmYIkJWGICloAlJmCJCVhiApaAJSZgiQlYYgKWgCUmYIkJWGICloAlJmCJCVhiAtYrg9X2q0dYb4SNTwJrVTzMul7o+BiwNsUjrRU8PgSsVfFYk3D4GWDpB3NVbISPjwCrfzRYhfDxEWCtHg6WzBgQsCTJErAELAFLwBITsAQsAUvAErAELDEBS8ASsAQsAUvAEhOwBCwB6y5gdX3fr4uiKNZ93wlYAtbNwMLQB7EGBKwPA8s6ddkLnfO/AQsrAes9wKpiDADyWJ55kY+D6Zrbiw6ryfwXYBmgK4pNAqvrjWnXRbFp264oVm2/Lop123YC1iLAIisN5Dz3S35UwzB3BmsD9KPHWo+/uwY2RWGAvij6C5sGBawXAItqAisolQPe5oC3VgPW6vF0NABqbo1SOQBjPYLSQK5UAAAdhgcIyv4SrHUPrAewDExX9EBXaPRFBwNTFPrCpkEB6/lg1YwmgaUzkmwQGAFHBuSMh2CVMen4BLotqdGQZKkToqw0UJOs4u/A6jTaBFbyUx2wKXroYoOVQdddui1DwHo+WL6iS2DVLH0emWvSI1asUdPhACy6sCU1AsmsQWDMfcYasCrPIxUM6Wz2S49VrIDNGuiKDQCtNbAqNkDXY91js7k0rRewXgCsnMxzVkCk8r5hjYzWU8US5XSSCawIeNIjkBaAo/PesgQA4zM2sIz6tznWuigM9AiWaU1r2k3RARuDYoO+R3vZXWEugDwfLGxZ5qyghwzdQdFZ5o6Gk8SYH8HKADOApQGU6XcitGMKpDVLAPG3YK2BdhcKx32CPUzRoTUXHso5JT7r+WB5smYFkLW11ubIWTXUimp3r7hL3ndgAUDGrbXWBjSsgt+ygfobWGm3aVd0GqYrimJTFMUKBn1RaJ1ecQlYzlnZUPFssFK6DZRsAEADkWWJnOVObfMUWMk/QaNkDVRsEEgD/+tQmOqkqZoFY6BTxRSbomgv36EYGueaIJQ8GSwdyQoI5LZx0QOObKA5o+MUWD6yalxl4RjrjGygI+M2/h6sok9gFRsDQPfDbq6uKFaX71A02jrnGkm1ngsWLFkBsBXJ0gCWDEDJOK+RHgULviRZ5fAVmeVsgDyS1l0P1hHUuu73SzpGOedqL6Q8B6wDM/76zET7lCibKV82Bwd5UtuMr51k8S8C1n3saf1YeSNZvIB1l0Y/yeIFrPt0kEoWL2DdqTVZSxYvYN2n591IFi9g3WczhWTxAtaddulIFi9g3Wf7l2TxAtadJvpJLf7dwGofDtaJC5Fa/HuBhdeZmixZ/FuB9eCxyd05cCSLfyOwXkqZQrL4NwLrkT6r+zGHkiz+fcAC2t+peTX1PdS/JIt/H7B+aa6+0+cnWbyAdR8LjXNOsngB6+YmWbyAdSeTLF7AupNJFi9g3euDlCxewJIsXsBaEFiSxQtYksULWIsCS7J4AUuyeAFrWWBJFi9gSRYvYC0KLMniBSzJ4gWsZYH16Vm8gHX3LF4LWAKWZPEC1hLA+uAsXsCSLF7AWiRYH5rFC1iSxQtYiwXrA7N4AUuyeAFryWANWXxtBCwB6zlZvDnJno1Wx1ILWALWL7J4HU/pZRtWgGUtYAlY12TxxirrAcXKWp3+agB4641SHkBNC+gYtYD1umAZfy4Muejz2Nwxi2++nz6QJPOaJGlgSTIGoOY2kgxApAHgGASs1wVryzNhKLC55xd4PIvP6HxokG9ZhZAksR2jRk02oWQJn/RELRsB6/XAGuKNJ601QK5qawAEC6/CGIZKeiBnducsfh8tx2g1Bsk9WEZAR1rUrJLOY+A2fWNbAevlwBriTfojoCHJ6IGSNrIewtDgGiLvWBr4nsX7SEY7gpUkZ0vWk352Prgqn8RoBayXAmuIN6YmQzDwde4zboGSjC4MYWj4Bu+bzKQsfn4GrSKZD2AlHe2KKiFmSB/o0jeWCVgvB9YYb0ZhVxhfJx3raheGaioAUOmPu1mqxU83iBrQCaQMQM4k3x5QD6m8Hoga+BKwXgqsMd4MYKnIUSC9xgRWkz6T+1eM9rL4MmsaMsCSWeZRMm4jS6AmY0Y66CSBXN+ZdwHrV8n7EG8SWJa0XiWw1Dew1ANKkXkzNWs1JKMC9JaMBsaR3Bqg5nZLZhrImAMomQtYLwfWGG9yUiNFnWYPrGwXA+uTH83Ns3irAehxLWf4UydN7Jrb4ZnAZjG5+6eBNcYbQ1Zba8nGcQZWCkPDfX32GNfwPYvft3pXXsjosV2Gw/o0sMZ4g5pk0FuyyuMOrBSGNKPGmNI8wA6y+NNgGZtru5C9+x+XY43xJgWab50E2oxJlnrgam/K4o+vMlmnlviByyL0MRcSK61jfGTr1CyLfw8TsI5+KtZ7++Buz/BeWy4ErJexn7J4AUvA+ksW/yZbLgSsl7JzWbyAJWBJFi9gvZ69RxYvYEkWL2B9CFhvkcULWJLFC1i/S1mUUko5p5RKu6gkixewbmHKzWxRicuis/j3B8s4928w1yzr0pecxX9AjhXc18CVW1zOstws/hOS9zqR9eXsAi9+qVn8J4A1BMOlBcJlZ/EfUW4I7muRgXDJWfxn1LFq97XMQLjcLP4zwDLOLTUQLjWL/5DKe1hwIFxmFv8BYGlj2lZZY/TCOwYWlcW/J1im7Veb9brruuLAuq5brzervl3kWsmCsvg3A6vtV5v1N5qOW7ferPp2WV5sOVn8+4Cl+826+IV1m9WS6FpKFv8eYLX9piv+Yt2mX0xsXEYW/wZg9ZviJtatlsLWErL4pYN1K6pGttrFlE9ePItfMlj6tlQtym9p++LtZYsFS/fr4k627peQzL94Fr9UsPquuKN1qyWg9dJZ/DLBWt0Vq+Wg9cJZ/BLBau+OVVEURddLFv9RYJl18SDrlnCL+KpZ/FPBstHq6spx+KvigbaRLH6JYJlYXTumX6+Lh1q3iNrDK2bxfwfLBI+gNOCtzYFJBykPHvAhB/IAr6yBt2lKng4qGIz6e7xCf890xaNtGRXT18vi/w5WYONIjZokt5MOEipawKZZ12lYcXoevhqU+K7W32sfz1VRLCKHf70s/hZgkZlDYAy+pMKWLrcNEliD7ANrS7KxkQ4o6bxl1JP+3qVjFdriKbYQsl4si78JWBaAozPGcgvHaAHseSwHbFklsTRP5sZUzCc1qwv190z3HLAWEg1fLIu/CVgaQEkmwaNRB2nusWqgoUucpVBJhiv19/SzuFpIBv9iWfxNwAKAjFtrrQ2TDtIcLDWApVghJ6211l6rv3frBefVarrD3KzOH3yNxdjLZPE3AytJgkJPOkglG6DcB8uygiEDAD3GwAv198wJPPq+73/T5dDNSmLmp/StXw5Zr5LF3wwsH1k2rrKDDlKOhtxW/O6x0JCu2VZX6u9tzn7l18fJq8DqFgTWmMXrNwELeUmyyicdJJORVf7dYwF1JOl2+nuX5AT6tC9Z9e0v7hivAuvq/N2cfE82Wh3L+37rr5DF37Lyrr2Z/TEIHh1/5ybp5zaAP5NiGafGb6A/DVb63ouia9tNURR9uyqKdbsqVsb0XVEUm3bT9aZdpd721ph2M4C1adMrBrA2rWlP9E1srvwotjz1llg9TrvVvwlYV9tP+nv57t/d5ixYPTD5IIO2KDZAOzq6HklRst0BsiqKDjDjKxJY7ZmixqXp+7Dq4ElrTfqrAeCtN2lOZVptiPHugerZWfxTwfpJf8875wantT4NVtdtgPYbWFitW2BTFD2gN2sDdEVR9JuuawcM0ytWu19ZFWt93DdemGQNqw7pjwDLYY2h5jaS/M1qw1Kz+Jdum/Hu659zjUeC4ofk/QCsfnymBzZFsdnBuQK6oksuTKMdfqUd3dvR81zqgp0PDUxNhmAM6axj1KjJJpQsMa02PGJEyVOz+JcH69+Xc1af81jjTeEBWJuiKIA+ObWiWAObouj6FBa78dUtzPArGtBaA/gDWI7R6umGxjICOtKiZgXkpBlUgS9ebVhuFv84sLS/2obpoc41/kyO1Q0UDajoAaz1DKxiAKvTQLtqB7D6YvBTA1i6NW1rjt4guqa2+c8Jy7jqkMBKpb2SdRIxN2R+5WrDgrP4x4FlttnWXWtpLO2Xc6tzyXs/D4U4A1ZCcDUDS08ey5yqwRZFUQyX8yNdw6pDAkuxAlBRJcQMee1qw82y+Nq8MVgVM3WV1dNUWlebc2B1Gm1RFIDpiv4HsNZFZwawsC5WQD+AtUp+b3006Ibc1m5H1ykPMK465KQGctLDkwE1aWBJPRB14WrDHbN4f+8bxgfmWI7XqmZ795W4CidvCxM1G2A11gvOhcI1gFbrESykdCuB1ZmkQL45mWKZ3Kpmoiv471lxWnUIMGS1tSgZt5ElUJMxI92Vqw33y+K1u7cGzMuD9TX48f4cWEVKm1pArzZnwCpWANrOJLDW7dDrnOpYXa8BtMcIXs0c7zm6xlUH1CQDjCO5NUDN7ZbM9G614cEJ9WEWb929Rxy+NFi5+/qaetcu6nbvrnvF4WC2rrtsqdD4MNHVqBld2kyrDnr2R80t0k+G1YYSjzZfu6FygzST9c4u68U91iztNMXTrD9xm7tP15mkpd6VF35abXhIFq+c+3Iu/2SwZlfXP4ur1dkiypyuUzeNM7B+Wm24fxZv4J37+ndnl/XSYOmwlwc8iayfF6C1D9NN41G6rFN4BUtZvK2d+/fvzi7rpcE6tP41uRr9635J4jX7mY2a6oP3HX2/KLCesU9ndWX0vqzg9UTztRuE9u7qsm4KVq4MgLxujlbfbgDWw3cW/m4yiNmj61jB65kWxgWNu7qsW4GlgbR6kVpHdh+lL2u40twIrNvvqTi/i+IPSPxcTn1SntVMyqD3dFk3AkvRA7DOAw3LfHa9JT1yupuB9chEa/XnizX57qaxVi9Bl50pzt7RZf0CrDyHtyEFu2CDBqAr2twjzw2Q0eV5yNOnOqyKlfQ3Awv6QU5rfav0W58qpz4lex8DYSIrvBBYJWuS0Q9TGGhhIknWKGlRkWRD5kDNauiVtKxvB9ZjRmStb7z/+YCup900qtFhfX19fd3RZf0KLDZqmMJQKUd6rcja5ihpYStmNi9Zp5QrteJ6ZrcEC2g3y8Lq0oLX/e8JDxuTzCuB5aYpDD41smnSAyhpgS3r1DyZk2ZYzdeMtwULMHdEa3PXaQ1zutyj6bIzpppa2dcKhWqawoC0YfAbWDoyr7lNu50AkLcGC7cWD3jwWNsnlVN909TKhtybO7/LX4E1jJFJ7WzuGFhoWFcM9wXrHsPeNw8dLWNevpz6FLA0GaAjFTSHNqMJLM+KUQN3C4V3YOtJgievWvB6HlioyW3FaIDIaqvmYKEkm7HQkIoO7l5tk7pf/RmuZ8t/zelq3oGuP4GFOpKZBxAiuQ+WTdExNeHWtHcECwB0+3u4XkZTbl5OvUnBy/Srh9gRwce/Vt6nHPAwGUzkpSQrbSl3d2/0blfrK9cSu/XLqWBe0T/408fxwIXVza3BOuUIQxwOXNNCDcMkH9KUZC6R7+1eXBf6sv7BH7h66HL9+jFgpQHKyXUFWIvHgbUDrO37frVabTab9Xq93mw2q9Wq7/u2rZtlSMf9ouClpq9TP7dv7U5g1c33wz4YrPTVHPsywt33Pt30LeRX0OXd1Ku6eTBYhX4EWMfsCWB5d+TdmReXkPxLwSu4iayHzwLuPx2s2n39u98a2cPoOnrTaN1E1pN7uD8PrJB2EtRYpp0vpzbu6yttbdIC1mPBMqltZHHB8KKClx6231gB6+Fg1VPDt8Gy7ch2bO/cv4EsAeuxYIWpz22xwfBMwWvo4vtyzgpYDwXLzBu+A97EZgWvaaCYFbAeCVbt3Jf7Sv8vPxh+o2vqZ/9yzglYjwNL77fl5ngzm/tjAeuhodB7733jcu+9N+/GldklkALW4wukQO003tHy8abQSY4lYN3QbJqA6FwT9C3vCterlYD1yWANd4bK47IC6aDJ9+Oq4uqilUcB623BSn3NKXW8BKxx2XglYAlY56xx9XSjeyFYq1Wvf5yHIWDBRZ/H5lPB2lNJvAysIs0hX6dNSqP43qo1Ju1+6nrTbgSswGZPWutCsGzj92pdfvxttyiu/Hyypr4YrGKdFK1SCG13IXI9Pmk+AixjPYLSxgYAwXrA5ghJF7Ck39MTuRCsai5MOeyRxCS19ABJ1FtFQtfYsdPhCrCSSkwPrAdNmK5fd2s9yHW0mxU+AqxAtyV1YAQQaaEZtySjGUXb0iCSK8AKc6mZHVg5+TBJ1FuYGm4Kc30lWBpmEFsozJRvtTA7rb3PAIvMGszBYrSWrEcZwF0sPAtWbgMAb0PyezBWWT2Cpa0KOflASdSb1Ee/UnW0DuZaj9VhkNVri2Ldj+KzetSl/QywLLAPlkojJAaJGjWd6CxYltRARjeOOUlTvxJYGcmMfKgk6p+TBOe+/v0b2GrcdTlWB+i2NW3bF2tA9yvzgWDpQ7DyNPSmSW9mF7jOgqUjLQyZo6SCIZVvmKXDWbK2FflYSdS/F0iHrpkL1wp3QkTrUWavmCLfoOSoP6bckFLqASweA0tdBhYabpMKakkFy+i9J7Umczhu05keLIn6x4/myu6GHlivNy0GrXW9Lopi3SWw1oAeZI8781lg0aSwuANriIH19J7Og+VJnbFOYNVM5jWZI2MNeBIPl0T9Yyz8d00/1lh5b7thK7MxGl2xAnQLDT3KU+lPAssw3QzOwRrcSzZpIP1wV1jSDkMJFWpW1lprk8fajmA9QRL193UsO+sgVZcu6Zhxfl0aj9l26flVB10UxUYDffdJYMFGsqn3wNKMGqPY5AVgWVbMkMAKpAGg0+GaVGQgniKJ+gvT+VBsGAJh/avuhklWrzvy3OdU3r9PO2xo5ynWT2DpmO4wSyqgZGya0iWwPFltST5JEvXaDyLUw26KcW9bY2QzxU0/4VhpHaO5tPLepDvMkgpJDjWO0wkVGfPIp0miXhMAm7F2BaSCg3Netn/duEZovbe7FbOfwHJ7EW6SR01/GSNv87q5u84HqlK1HVCp1S/IhtU7/2s+W8fylhc4oudJov4YANUwWdLvFd/T8AYB62lg5eQlS4DPlEQ9886GtKoOe1tCtHPO1VrAeiZYxjUL3bJ6GABnppxrxoU+Aes5YC3TxrpCY3N9vPieAqOAJWBdX1eo7enRa2M2KGAJWNfVFVS4ZKeteCwB6+8B8Jg9HKyVgLUwsKbCur1GbGf9aLB6AWtJYHl7tK7ws/UP5qqDgLUUsPSZusLLuaxewFoGWPpIYf26A6yfyNXbguWVUkrVrlFKKWWXBtaJwvqVtnrYrPfvUsfvClbYm7BWLwqsPwXAA6/VPsSOvYk3BUs349TEf/+mrc0LAOsXdYXLYA12MKWUUuruQ+feNsfyU/+3+5ZovSpYFxTWf/9p7JsVsH5rdiDryzWLSN6vK6xf6wjnUH09YvzqG98VDsHwyHDklwNL52lY+60D4Ox7drvU4N/XA6advDFYaTPUsXHurwWW+Wtd4SJTuz2H/x4QCd+6jhWcOy5A8UJg/bqw/ou7mdmmQy9g/cXqEyoBLwLWWFhvVP6A68ln6gIPmJ3z1mCZE4qXVukXoOoRAfDgbubrcWIvbw2WDq5uR2noJAfdGqOfT9VtCuvXgzVKOGkB63ee6ich+6eK2PvbFdav+UzqcaP0TjZawLrYRbXngToGWPvIr/dehfVLbmRcnYLhYzSE3gcsc8Ek/BN4bfr2MXWFexXWL3JXAaidO1YwBmAaBdQuzGb77lzsb8pebwGWbld/bhFZ9+auPuSuhfWfbwhd44e7mXkRy8YIoI6VsaRGSTUbwTpjhJ8Ilu5v1nc0zN68RwB8YF3h29mVc87qCbFZAcYyAoHMoWuLU2CFDwTrhlQNYXF166j4mML6GVfZDO5qvDWcFbEsI3ykAozdB8srFYDZkN9PAuvmVI1+65YB8Al1hW9FhlnZTjfz1N0y6opu9Eo7sBqSLDVQjkN+PwasO1E1bJG7hdvS+VPqCkez9tlVzf2mZXSs9DewAmPuM9a7Ib8fA1Z754bujfkrVc8NgLMiw5l3kkaQfwfL0XlvWe6G/H4IWP0D9gn8Aa1dYf2Qqvr7aoqp79VskLL2s3GS3EY238Aq06DfuBvy+xFgmc2Dtvb+KoJ52zhXkmSM336YfR+cVF42TekXX+1e1n4CrIg0JGwfrIxba60NuyG/nwDW6mFbmrprU60pADoyxiNgld8YMqS9h+y5PsjaT4KFjNUhWHWaYKh3Q37fHyzz0N1ymyuc1rywbsfJzcEiV8oj3cGb7QSWsUmwLJDW3j65941zzY9LN5YR8ExDo2dg+ciqcZXdDfl9e7AevnH8Qqd1UFifwCrZkGRI4lJx8lgpbQ7pT97cY4VxsN8FYKEm/UG5wZck43zI75uDtSoebj+TdaSuYMmUOJdkHSpmQMXKNmM6ZUhnHaP2irz5IMrvRYZfhNIhPutfQr8ssJ7A1U9kHS+sJ0fkgJLbocBN5rscyzIOKlH+9v4qd+O8yCfaosDqi+K1yDpZWLdknud+IMkyIic14AawUnZcsr49WD8XGQSsw6Loc7ga1ZK/fXRnCuuzHEsdA0uxAlBR3Rws/3ORQcA6CDrFs6zT1xbW98EKjDCkhY4DWDnp4clwa7AuKTIIWPt2u+6Yq6ewrC4srM9DYYyxmnksbMltNdVCS8ZtZInbgmUa95j+0HcC60yCter7vu8vrsfr652fOVVXOA0WOWpsJrBMSTaTgJRxJLfmtmD9tDQoYB2z7sehX7q7NBm/+i5gsxcA3e861vdbVPWtO1ZvUWT4QLDa89PkVn17z+y+++2I2Qd+ky+StS8NrM15sFJVoCi6tt0URdG3q6JYt6tiZUzfFUWxaTddb9pVceyHxao1bdu3Z86hmic37F1UZHihkRSLAWv9I1g9UBRdqqIatEWxAVogzdLvh0DUHvuhgW41oM+A9eSGvfsVGS7eglNfF2YXA9YPg1W7bgO038DCat0Cm6LoAb1ZJzn2wx9ugHWxPs+ue9EA+NsiQxwsXNzFl13X3LMUsPQFE3t19w2sfnymBzZFQujbDzdAN/7iyRLFC2Nl6uuLDDG18vFysMr3BAs/g6W74htYm6IogD45taJYA5vvP1wDm5881guD9dsiQ9LDDozaph05NkeufOro0QCQq9oa4LDj573A6n4IhQMoA1h6YGc9A6s4BGv6YQuYH+4pN6+K1e+XBsmQwCpJZoBmpcihkyf6YatO9IcdP592V9jPQyGuAmsN0/5QX+1flKs/FBlGj8XS1mQOTbJ03pDKN8wAX+c+4/ag4+fD6lhF0Wm0RVEApiv668DSPy8Xveb9oLZ/KDKMHoseiLTQZAPAMnrvSQ3A+JrVQcfPu4H1Q+U9RavV2ONyXShMCcq5MtZ9IqH9Y0Hzsv7jHz2WBqoEVg6gHtJ6DxVJsjpozHg7sFY/gVW0QFd0LaBXm2vA6vof2b35vnsPANXftueEv3UyTB4LB2BV1lprtSWtV+8P1uXdDd3VK8x9143Z/2Mc1pYAEP6yYvznpcHJY+2DFdKquEbNDGhYHXT8vB9Y5n7rgEOhYnNxP9ZRB6JUDnhrNRBsmJ5JD4JGbnNAW6vhSWsNgvXY7dfx1pjxFy744v7cyXDCY6FkbJrSwZKNI6vDjp+3A+tua8waZrXqTzfTdBdpMGck2UBHNsjJMD0DXZKkQkMH+LQlhmQYe2rSfh3UdPHSzau36D8+4bFSR09U0FuyymN12PHzfmDdq+c9aaLpvvuxGeuMNSx9HpkjkHlJB9TjMw2jso3ZgWVqMgSDkmq3Xwc16cI23Y5dkrXfb41Jm/SWzfTOr2/xWdYunXvtpujWpyeXdpfFm0jlfcMaaBgZzeyZOLzxCaxxzEZJNduvUw+7R38G5mX6j98GrCfsp7iQKz3cpDtAR9LOntEpmTkB1m6/Ts0MMD+D9UL9x+8D1oN32F+xx56srbU2zdfgdv7MDqztsI1iBtZuv07N7SVgvVL/8RuBdX5t5+5Kx6etZJMqsyayjrSzZyo6QBvUrNJ+9qEyhJJqtl/nIrD0S/UfvxVYaB+mdHzNiKxAbhsXPRwrKEaze0aRVRYtAllmJD0MWW1tuiuc9utcAlbevMAm53cFC+gfgtaVQ4xsRbI0gcyBitvpGaCOacJGTUab0ad1k6HcMO3X+Rmsl+s/fjewzjYRPz4KTvmf16ee+TZhY75H59L9Ov61tku8I1h3n+rXrV7PLyyhyLB8sM4VNF9qIPfN/iXVSygyvANYAMyqu4ezesXkeCFFhjcB6w5sbdpX/Ja0WkiR4X3AAtBuulv5qvY1v6RFZe3vAxaAtv8rXN29BJpu4K7scooM7wYW8Be9wmL9qq5qclc5IGA9CSxgAQqrv8zaNQSsp4I1Oq/LNKEX8HWZenFZ+zuDNTkwbUxSsVfqpVTsL/52llZk+BCwdla7BX43LzL/WMB6M7CWWGQQsF7flrU0KGAtxJbRfyxgLQ2ssNysXcB6YXelllpkELBe+jtZTP+xgLUgsJa5NPjuYJ0a7bscsJZdZHhbsNJoXxd9HptFgrXwIsPbglWyBgIbwDEsD6yl9R8vDCxtlcoxm/oDY5X1QLDap5E/02RfmyOog9G+JT2QM1scWPniiwwvDZaPJFnvjzogmaOkIxkNpsm+mnE7PDWN9vWsACDOVbWWAJZ+gyLDS4OlWPm88TOwMjofGqAklY1sME321WS0lqxno31t2tq+FwsXANa7ZO2vC5Yla4P5cBbHaNOsgyap3k6TfTWpAEc3G+1bp/Oo+eleHqw3KTK8NFg6S4PwdmD5SEY76eByN9k3TaFr6GYTWJv0lux8At2rg2WW2X+8tLvCUKYca5z6A61iyrEGSfhpsu8ZsNSCwArvUmR4bY8FwDGbTf3RgK6oULIEHMvdZN8dWLvRvkMMrOfv7KXBWm7/8bLAqqumrljPpv6UWdOk6SysSqbZU2my7w6s3WjfwC0AZMyXAdY7FRleO3mPJJ2eTf1p0hhflGyqpMsxTfbdgTWN9tWMGtCMi6hjLbr/eGk51jitd5r6M4zxLamm+b3afPtHPv6ooT1IsV4XrDcrMrw4WKesvOwIJlZax2gWAJZ9v6z9jcFCbr3fl9p9TbBM/W5FhoWCVf/63uklwQpvmbUvEay/ILmfMTv39LzmvZYGBaz0pZI/RCAfHbbxjvS9Rf+xgHU1WBU9PMu7uSv7nkWGzwUrCbwNYHmV5NvHB8bmg6J7oMNBjVWKDALWSbCS0ls21VVJlnr3ILAqk7Bb6rkZGnDukrW/Z5HhU8HKyTxXIYEVGHOfsZ4/YBYcaYYuwaFl8A5FBpcDAtb7gOVJ58ccy9F5b1nuHgTSQEfacT0oaSnd+BN/5yLDx+ZYdZIX0akJhyQZdw9GtVFlBlcVeeuA9eZFhs9N3nM35VgZt9ZaG3YPAqkHsO7ksT4ga38rsFSjL0veAVgygZUkKKF3DwIZksRbImq/Q+JWRQYNAWshYBkyADopItlodSz1UbBCdHXGMoHlI6vGVXb3IJDMIiuddpAhT51dN7vMj3FXb+OxrNKAYg7AsDrod58n75Fk5odygy+Z5N7GB4GxJiuPYUNGfdMr/oQiw1LB8jYHvLUasFZDh6HCaa2BqVjbPHUk6xj18RzL7Em4aW/mDwI59ICl7P2Wuftb9h+/DViBEXBkQM6oUZFklQrpJpJkM1Sg9jfYX9rdEHbJek27v4FMigzvDJYhPWLFGjUdYFWeR6YGZW1JFfxQ0zysmV8NFqyFvdli3rv2H79PjpXReqpYokzXbXzGJqVMKW8adlIcpt2XgeXdfdq2/Cdl7csES9FZ5o6GNNCOKfzNwBpc1WFjwlMb/exHZe3LBCtn1VArKlZAwyr47aHHcul12auA9c79x29UbogsS+Qs07iiGqhGsEDmE1EDXy8A1lJFlj4NLDeEPuaAY6yzKRSiYtzWQ7H8sAL1LLA+Zmlw8WBZMgAlIwBfkVk+gRUi2QzNeeVBi96TwHr3/uM3Ausgf9n/0owe5kR+ayp+Cljv33/8tmAdr0h4bA97ip8B1icWGd4ZLGNzbQ/TmieAFT6xyPDOYB21h4P1Gf3HAtajwfq4pcHPA8uEEEJoXAghhAe5kM8tMnwQWNbNrJasXcC6lcdq3Ne/9N+DBjZ86z/2J1P479osAtZicqzcff379+/fv39fD6kpfe8/zk++7yPaLALWcpJ3NZDlHuEa5kWGXClrAEdnA9I+fo25cMsRbRYBazlg6cb9+/fvIYFwr/84DaNPu/qrYR9/5bETbjmmzSJgLajckLuvxwTCvJkXGUjlrUKo6EKOQNa2YjYTbjmmzSJgLQgsKPf17/53hIf9x5FlAMYBl26SQ5iEW45pswhYSwJLN865e8ebb0WGQLLKR7BK1hi39g/CLce0WQSsJYGF/P71yiP9x6aOjGYAK2MDmD3hlmPaLALWk8Ey7VWmmvY3drGXO9Z/rJEkyZKccM1Kw5J6J9xyTJtFwHomWO26eJB1m4vYOtZ/rLmtHWnQkNsMJrLKyKS6mIRbjmmzCFhPBKsvHmjdz2QdXxrUFckqpEbXKu3jjzVmwi3HtFkErOeB9VCuiqL7qafqZP+xHrfzD42ug4LLTrjliDaLgPU8sLrHglWszrurq/uPd/oaR7RZBKyngdU+mKuiu6rIcA1YR7RZBKyngdU/GqxCn8/ar+0/rmVU5EuCtXo4WOZckeGj+48FrLuAJf3HAtYdwJL+YwHrHmBJ/7GAdQ+wPmj+sYD1OLCMuCsB6w5gffgmZwHrPmBpKTIIWHcAa7//WOyTwFqvTr1os9pc/0vmsMhghZvPAWvd933fr9ZFURQ9cJKR9sxac/cjWFJk+DiwNuMNW3dHsKTI8JFg9aveAKu7gfWh848FrHVRdEA/gbXujenXxfiw3Yxgrdq+K4quNyY1OXe9aTc/giVFhg8Gaz3zWEOD3mZ62A5grYBNUaynw6XuY3MeLFka/Fyw2r7VuxyrA8xmY4AuPVyvBo+1SscwMF3RA12xAtrNCmfB8lJk+OzkXW/Gu8LVzoWlh0OOtUm9gmtgUxQdsCla6PRLJ8H66PnHAla/WrW7UDgkWkA/S+YNWg0zgqi1BlaFRpueOAWWFBleGSzTNLW6hZ3LsQoNfR6sMe3aAKY1rWk3P4JlJWt/ZbA8b2PuLFhmYird5XXAahblDLBpgXVRbBJfQ6g7V25wsjT42h5L3cbWJ8HarNc90A5grcfKw7rYAG1XrFcpee9SMEx5frEpih7YFJ05DZZk7S+dY93Ifqi8Yz1GwR5jkWGIgGO5IaXvKwDGQI/7u/TpUCiYfDxYpu92a4UrDehVqoAiPUwF0h7YFMXGANB9URQbDfTdJWuFYh8H1vG9pt2xh7PnujM/FbAErCftKxQTsAQsAUvAErAELDEBS8ASsAQsAUvAEhOwBCwBS8ASsAQssTcA6/GjIoWSjwBLP5qrtVDyEWA9PBa2QslngIX1Q7laCSSfApbePJCrXhj5GLCAdrVZP8I2vdwRfhRYYgKWmID1dLCCU+cUQfSlQvTB3VHL1U4Hr2WWw0uDZeMo2FcnkfcDKuJgQfNCycia2fDIRY8mxjodZy9hMr9Mn+okX4mDK1VRNvO8Glj8Aaxhp+ovwApsgIakB0DuzXyM25uC9a7ycIsHy1iVqx1YxqrZ6DzSImnAB2UNAJsjV372slzVNk0jGo+TvnqfwNpOYHmlggagWNnhDOlg2loN5DYHbI7deYZH8La2PoFllPI4vFL1PC11Aes0WCaSzCawLElG/w2sLclooFkpMuxe1owPdscB4FkBaFiTYQCrIcnKoyY5uLDhYIb0gKODZpzOMz5Kp6IFapaRZDi80nQysRcDq2G0iiNYhlS+mTIlkCGBFa0la2iSlfO7l/k69xm38+MAsGwANLQNKw3SIJC1rZgh37IKKffeHWwCa3ae4RF0E3zNCNRkYyuW3640UmLh64EVqWY5lmX03pP60GOp6atv0m9OLzO+ZjU/DoCaCkBDZSIVSAPHLZCTfpYqDQfbA0sdPgKgfSANalZATprDK31PNfqlg0UGwI5g1UO+7g89Vg406QvPgdnLVCTJan4cDGLeaKigGE1ioR6OswdWfgjW3nkaOiBUQ/CsmQGGzA+v1FGqD68PVmWttfabxzoEa3iZJa1XZ8BCxSbSIGMzUHECrOwEWJ5sfJ7AKgFP+sMr3YrHekGwKjaAG8EKKa/WOO+xppfVzICG1fw4041aQwWE0d1UGpbUs1rXcDBNWph4AqxAagyhkAaK1IdXWlKG/r0eWIrMyil5R8nYNKXDeY81vcySjSOr+XEABG5HsLAlaWAiq4xsAEtmmZ+BhZJxG3naY7kmDmDFjHSHV6pJwen1wNKOLPMJLONIRvUTWOPL9Jas8ljNjwNAM+oRLJ+qC74kYw1Ab1MZYQeWr8gsnMqxajJaR4Oaaktm5vBKA7eC00uBNdjBEou+bMllfNnu1fPfa468u+nn309w9pTanHjhcAmSu78oWHeBNVb6YR+kOKzPAQu59Q87k5RHPwgsMQFLTMASExOwxAQsMQFLTEzAEhOwxAQsMTEBS0zAEhOwxMQELDEBS0zAEhMTsMQELDEBS0xMwBITsMQELDExAUtMwBITsMTEBCwxAUtMwBITE7DEBCzANCeGqN9jmIxvwo/nPf0rv7fgts3pGSavIfjyLmA1McYYmzTd8bupSFY1AH/w08O/ww+6KbyAxIYlhhlYJ847u7hM6elX/sjVNHl+bm648PoXgi8C1pnvmJGxga6PXaYiq5gGbKuDd3X4j9YP040vAcvX+SiJcvy884sjKzP8yp/fa2m++yQ3XLeAdWOw0hxSYy0Ab5W1NkdQCY+KNeDTEG0bAB2UCunbcDYACErls7eaNE+s0dYCxqYfGuu1Tb9mrLIe8DYfJVHSeafjzBRQADTcQofIbPiVSRVld6EWXoWdIIu3xiuVYzwhZgfXGTM7XO0k4AIA2LIBoEk/nHw8rE7XOzvxnuCLgPUzWIEEbPIQTnO46IoNACAbhrxXJFnp8e86Izm8ZAdWTVWxhCFJOiAwq0hmQywaJnUPkiiBxHCcrZ4roIxgAXaSI5hUUcYLRUkbWe8EWWo6kqzj7rqmg1e7i232BV8msMaTD4f1cXe+9GBP8EXAOgvWNs9zk8CKDGjYAGXMx1BY5gBCRRdywKo8j1Tj32uWPo9TAJnAIp0ClPWW9AhkaWsyR0bnQ5P0vQZJlEAmGRUb9xVQdmAZ0iawJlWU3YWS0YWdIEtNulCRWdiOQXk6eCi5DX6Mxen1B2CNJx8OW9J5y6h3J94TfBGwzudYJC0CCU162L1Rnw1Jp2cCb8Zn6QtVACKV982IAfwEVvr6tPeRAYH0QKSFY7Qag3BcEhgYgFaAYtxXQBnBAqlGOYKkirK70JLDDNRBkKVmHFycH69iOjjczrmOrz8Aazx5Oqwnc++rNKQ+ybHsCb4IWGfBis65PH3BJWuf7afl3u0mrkOnRHcESw9przv0WBkA+GzHrAYqWvhIRvsNLE0GIJB6Np37mMeaVFGmCy0T1ZMgSz1E3FEHA7ODz8CaXn8A1njydNgwvD+7O/GeLoeAdWmO5ePgoA7uDPUAVsMq+O3OY5G1tdZ+C4XblJ9luY+DM0xgQas4qaHMPNb43eMoWFOOtVNFmS40XcdOkCXxx7gDa3fwHVi7158ES6X3Y6211u9OLGD9CixFm+pTfmBFmeEfe8Yawz/kig2mvzfzGuoeWJrMk7PZgaUBXY1xLTm2wVM2gGN5DCxt44jhThVlutBEwE6Q5QhY08F3YO1efxYsMwjBzE68J/giYF0KVsNqu3UB412hJquSdEBDbjM4xjrpmaS/B3LbuOnuyu95rMiyrvbBKrOmIcN0i5dlPpBAIMuSDN/BmupYg8caVFHGC915rEGQ5QhY08H3PNbw+rNgoSFds42zE+8JvghYV5QbkjZ0HEQgHMlY66RWUiXNkpzN+HfYimRpjobCEMnG7oHVDOIl6RZvS8ZUbkCoUvL1HSwOlffByQ2qKOOFjrnfJMhyBKzp4Duwdq8/DxbqVNTYnXhP8EXAutAUnTfesZmpjxzol3wTPjH+dKXdfPuRPpAymb32Qv2Vgwu97Nev1F7Zf6Hev1TzKjIGCwLL0QLavb6m92IuVMAaw2FVkZl+9c90MRcqYA3Zd+1cvQSJrcVcqIAlJmCJiQlYYgKWmIAlJiZgiT0YrEzAErsHWA29fDxivzV3Eh/DmImJ/c7Kqb/yiDPLKCb2O4u1Fq8tJiYmJiYmJiYmJiYmJiYmJiYmJiYmJiYmJiYmJiYmthT7D4FauKyb2UdkAAAAAElFTkSuQmCC\" /></p>\r\n\r\n<p>Explanation of Different Thread States</p>\r\n\r\n<p>New:&nbsp;Whenever a new thread is created, it is always in the new state. For a thread in the new state, the code has not been run yet and thus has not begun its execution.</p>\r\n\r\n<p>Active:&nbsp;When a thread invokes the start() method, it moves from the new state to the active state. The active state contains two states within it: one is&nbsp;runnable, and the other is&nbsp;running.</p>\r\n\r\n<ul>\r\n	<li>Runnable:&nbsp;A thread, that is ready to run is then moved to the runnable state. In the runnable state, the thread may be running or may be ready to run at any given instant of time. It is the duty of the thread scheduler to provide the thread time to run, i.e., moving the thread the running state.<br />\r\n	A program implementing multithreading acquires a fixed slice of time to each individual thread. Each and every thread runs for a short span of time and when that allocated time slice is over, the thread voluntarily gives up the CPU to the other thread, so that the other threads can also run for their slice of time. Whenever such a scenario occurs, all those threads that are willing to run, waiting for their turn to run, lie in the runnable state. In the runnable state, there is a queue where the threads lie.</li>\r\n	<li>Running:&nbsp;When the thread gets the CPU, it moves from the runnable to the running state. Generally, the most common change in the state of a thread is from runnable to running and again back to runnable.</li>\r\n</ul>\r\n\r\n<p>Blocked or Waiting:&nbsp;Whenever a thread is inactive for a span of time (not permanently) then, either the thread is in the blocked state or is in the waiting state</p>\r\n\r\n<p>How to create thread</p>\r\n\r\n<p>There are two ways to create a thread:</p>\r\n\r\n<p>1. By extending Thread class</p>\r\n\r\n<p>2. By implementing Runnable interface.</p>\r\n\r\n<p>Thread class:</p>\r\n\r\n<p>Thread class provide constructors and methods to create and perform operations on a thread .Thread class extends Object class and implements Runnable interface.</p>\r\n\r\n<p>Commonly used Constructors of Thread class:</p>\r\n\r\n<ul>\r\n	<li>Thread()</li>\r\n	<li>Thread(String name)</li>\r\n	<li>Thread(Runnable r)</li>\r\n	<li>Thread(Runnable r, String name)</li>\r\n</ul>\r\n\r\n<p>Commonly used methods of Thread class:</p>\r\n\r\n<p>1. public void run(): is used to perform action for at hread.</p>\r\n\r\n<p>2. public void start(): starts the execution of the thread. JVM calls the run() method on the thread.</p>\r\n\r\n<p>3. public void sleep(long miliseconds): Causes the currently executing thread to sleep (temporarily</p>\r\n\r\n<p>cease execution) for the specified number of milliseconds.</p>\r\n\r\n<p>4. public void join(): waits for a thread to die.</p>\r\n\r\n<p>5. public void join(long milis econds): waits for a thread to die for the specified miliseconds.</p>\r\n\r\n<p>6. public int getPriority(): returns the priority of the thread.</p>\r\n\r\n<p>7. public int setPriority(int priority): changes the priority of the thread.</p>\r\n\r\n<p>8. public String getName(): returns the name of the thread.</p>\r\n\r\n<p>9. public void setName(String name): changes the name of the thread.</p>\r\n\r\n<p>10. public Thread currentThread(): returns the reference of currently executingthread.</p>\r\n\r\n<p>11. public int getId(): returns the id of the thread.</p>\r\n\r\n<p>12. public Thread.State getState(): returns the state of the thread.</p>\r\n\r\n<p>13. public boolean isAlive(): tests if the thread is alive.</p>\r\n\r\n<p>14. public void yield(): causes the currently executing thread object to temporarily pause and allow other threads to execute.</p>\r\n\r\n<p>15. public void suspend(): is used to suspend the thread (depricated).</p>\r\n\r\n<p>16. public void resume(): is used to resume the suspended thread(depricated).</p>\r\n\r\n<p>17. public void stop(): is used to stop the thread(depricated).</p>\r\n\r\n<p>18. public boolean isDaemon(): tests if the thread is a daemon thread.</p>\r\n\r\n<p>19. public void setDaemon (boolean b): marks the thread as daemon or user thread.</p>\r\n\r\n<p>20. public void interrupt(): interrupts the thread.</p>\r\n\r\n<p>21. public boolean isInterrupted(): tests if the thread has been interrupted.</p>\r\n\r\n<p>22. public static boolean interrupted(): tests if the current thread has been interrupted.</p>\r\n\r\n<p>Runnable interface:</p>\r\n\r\n<p>The Runnable interface should be implemented by any class whose instances are intended to be executed by a thread. Runnable interface have only one method named run().</p>\r\n\r\n<p>1. public void run(): is used to perform action for &nbsp;athread.</p>\r\n\r\n<p>Starting a thread:</p>\r\n\r\n<p>start() method of Thread class is used to start a newly created thread. It performs following tasks:</p>\r\n\r\n<ul>\r\n	<li>A new thread starts(with new call stack).</li>\r\n	<li>The thread moves from New state to the Runnable state.</li>\r\n	<li>When the thread gets a chance to execute, its target run() method will run</li>\r\n</ul>\r\n\r\n<p>Java Thread Example by extending Thread class</p>\r\n\r\n<p>Class Multi extends Thread{</p>\r\n\r\n<p>public void run(){</p>\r\n\r\n<p>System.out.println(&quot;thread is running...&quot;);</p>\r\n\r\n<p>}</p>\r\n\r\n<p>public static void main(String args[]){</p>\r\n\r\n<p>Multi t1=new Multi();</p>\r\n\r\n<p>t1.start();</p>\r\n\r\n<p>} }</p>\r\n\r\n<p>Output:&nbsp; thread is running...</p>\r\n\r\n<p>Java Thread Example by implementing Runnable interface</p>\r\n\r\n<p>class Multi3 implements Runnable{</p>\r\n\r\n<p>public void run(){</p>\r\n\r\n<p>System.out.println(&quot;thread is running...&quot;);</p>\r\n\r\n<p>}</p>\r\n\r\n<p>public static void main(String args[]){</p>\r\n\r\n<p>Multi3 m1=new Multi3();</p>\r\n\r\n<p>Thread t1 =new Thread(m1);</p>\r\n\r\n<p>t1.start();</p>\r\n\r\n<p>} }</p>\r\n\r\n<p>Output: thread is running...</p>\r\n\r\n<p>Priority of a Thread (Thread Priority):</p>\r\n\r\n<p>Each thread have a priority. Priorities are represented by a number between 1 and 10. In most cases, thread schedular schedules the threads according to their priority (known as preemptive &nbsp;scheduling). But it is not guaranteed because it depends on JVM specification that which scheduling it chooses.</p>\r\n\r\n<p>3 constants defined in Thread class:</p>\r\n\r\n<p>1. public static int MIN_PRIORITY</p>\r\n\r\n<p>2. public static int NORM_PRIORITY</p>\r\n\r\n<p>3. public static int MAX_PRIORITY</p>\r\n\r\n<ul>\r\n	<li>Default priority of a thread is 5 (NORM_PRIORITY).</li>\r\n	<li>The value of MIN_PRIORITY is 1 and</li>\r\n	<li>the value of MAX_PRIORITY is 10.</li>\r\n</ul>\r\n\r\n<p>Example of priority of a Thread:</p>\r\n\r\n<p>class TestMultiPriority1 extends</p>\r\n\r\n<p>Thread{public void run(){</p>\r\n\r\n<p>System.out.println(&quot;running thread name is:&quot;+Thread.currentThread().getName());</p>\r\n\r\n<p>System.out.println(&quot;running thread priority is:&quot;+Thread.currentThread().getPriority());</p>\r\n\r\n<p>}</p>\r\n\r\n<p>public static void main(String args[]){</p>\r\n\r\n<p>TestMultiPriority1 m1=new TestMultiPriority1();</p>\r\n\r\n<p>TestMultiPriority1 m2=new TestMultiPriority1();</p>\r\n\r\n<p>m1.setPriority(Thread.MIN_PRIORITY);</p>\r\n\r\n<p>m2.setPriority(Thread.MAX_PRIORITY);</p>\r\n\r\n<p>m1.start();</p>\r\n\r\n<p>m2.start();</p>\r\n\r\n<p>} }</p>\r\n\r\n<p>Output :running thread name is:Thread-0</p>\r\n\r\n<p>running thread priority is:10</p>\r\n\r\n<p>running thread name is:Thread-1</p>\r\n\r\n<p>running thread priority is:1</p>\r\n\r\n<p>java synchronized method</p>\r\n\r\n<p>If you declare any method as synchronized, it is known as synchronized method.</p>\r\n\r\n<p>Synchronized method is used to lock an object for any shared resource.</p>\r\n\r\n<p>When a thread invokes a synchronized method, it automatically acquires the lock for that object and releases it when the thread completes its task.</p>\r\n\r\n<p>Thread Group in Java</p>\r\n\r\n<p>Java provides a convenient way to group multiple threads in a single object. In such way, we can suspend, resume or interrupt group of threads by a single method call.</p>\r\n\r\n<p>Java thread group is implemented by java.lang. Thread Group class. Constructors of Thread&nbsp; Group class.</p>\r\n\r\n<p>There are only two constructors of Thread Group class.</p>\r\n\r\n<p>ThreadGroup(String name)</p>\r\n\r\n<p>ThreadGroup (ThreadGroup parent, String name)</p>\r\n\r\n<p>Let&#39;s see a code to group multiple threads.</p>\r\n\r\n<p>1. ThreadGroup tg1 = new ThreadGroup(&quot;GroupA&quot;);</p>\r\n\r\n<p>2. Thread t1 = new Thread(tg1,newMyRunnable(),&quot;one&quot;);</p>\r\n\r\n<p>3. Thread t2 = new Thread(tg1,newMyRunnable(),&quot;two&quot;);</p>\r\n\r\n<p>4. Thread t3 = new Thread(tg1,newMyRunnable(),&quot;three&quot;);</p>\r\n\r\n<p>Now all 3 threads belong to one group. Here, tg1 is the thread group name, MyRunnable is the class that implements Runnable interface and &quot;one&quot;, &quot;two&quot; and &quot;three&quot; are the thread names.</p>\r\n\r\n<p>Now we can interrupt all threads by a single line of code only.</p>\r\n\r\n<p>1. Thread.currentThread().getThreadGroup().interrupt();</p>\r\n'),
(14, 6, 'Introduction to C++', 'Introduction to C++', '<p>C++ is an object-oriented programming language. It is an extension to&nbsp;<a href=\"https://www.javatpoint.com/c-programming-language-tutorial\">C programming</a>.</p>\r\n\r\n<p>Our C++ tutorial includes all topics of C++ such as first example, control statements, objects and classes,&nbsp;<a href=\"https://www.javatpoint.com/cpp-inheritance\">inheritance</a>,&nbsp;<a href=\"https://www.javatpoint.com/cpp-constructor\">constructor</a>, destructor, this, static, polymorphism, abstraction, abstract class, interface, namespace, encapsulation, arrays, strings, exception handling, File IO, etc.</p>\r\n\r\n<ul>\r\n	<li>What is C++</li>\r\n</ul>\r\n\r\n<p>C++ is a general purpose, case-sensitive, free-form programming language that supports object-oriented, procedural and generic programming. C++&nbsp;is a middle-level programming language developed by Bjarne Stroustrup starting in 1979 at Bell Labs.&nbsp;C++&nbsp;runs on a variety of platforms, such as Windows, Mac OS, and the various versions of UNIX. This&nbsp;C++&nbsp;tutorial adopts a simple and practical approach to describe the concepts of&nbsp;C++&nbsp;for beginners to advanded software engineers.</p>\r\n\r\n<ul>\r\n	<li>Why use c++</li>\r\n</ul>\r\n\r\n<p>&nbsp;</p>\r\n\r\n<ul>\r\n	<li>C++ is one of the world&#39;s most popular programming languages.</li>\r\n	<li>C++ can be found in today&#39;s operating systems, Graphical User Interfaces, and embedded systems.</li>\r\n	<li>C++ is an object-oriented programming language which gives a clear structure to programs and allows code to be reused, lowering development costs.</li>\r\n	<li>C++ is portable and can be used to develop applications that can be adapted to multiple platforms.</li>\r\n	<li>C++ is fun and easy to learn!</li>\r\n	<li>As C++ is close to&nbsp;<a href=\"https://www.w3schools.com/c/index.php\">C</a>,&nbsp;<a href=\"https://www.w3schools.com/cs/index.php\">C#</a>&nbsp;and&nbsp;<a href=\"https://www.w3schools.com/java/default.asp\">Java</a>, it makes it easy for programmers to switch to C++ or vice versa.</li>\r\n</ul>\r\n\r\n<p>Difference between C and C++</p>\r\n\r\n<p>C++ was developed as an extension of&nbsp;<a href=\"https://www.w3schools.com/c/index.php\">C</a>, and both languages have almost the same syntax.</p>\r\n\r\n<p>The main difference between C and C++ is that C++ support classes and objects, while C does not.</p>\r\n\r\n<p>Syntax :</p>\r\n\r\n<p>#include &lt;iostream&gt;<br />\r\nusing namespace std;<br />\r\n<br />\r\nint&nbsp;main() {<br />\r\n&nbsp;&nbsp;cout &lt;&lt;&nbsp;&quot;Hello World!&quot;;<br />\r\n&nbsp;&nbsp;return&nbsp;0;<br />\r\n}</p>\r\n\r\n<p>Output : Hello World</p>\r\n\r\n<h3>Explained :</h3>\r\n\r\n<p>Line 1:&nbsp;#include &lt;iostream&gt;&nbsp;is a&nbsp;header file library&nbsp;that lets us work with input and output objects, such as&nbsp;cout&nbsp;(used in line 5). Header files add functionality to C++ programs.</p>\r\n\r\n<p>Line 2:&nbsp;using namespace std&nbsp;means that we can use names for objects and variables from the standard library.</p>\r\n\r\n<p>Line 3:&nbsp;A blank line. C++ ignores white space. But we use it to make the code more readable.</p>\r\n\r\n<p>Line 4:&nbsp;Another thing that always appear in a C++ program, is&nbsp;int main(). This is called a&nbsp;function. Any code inside its curly brackets&nbsp;{}&nbsp;will be executed.</p>\r\n\r\n<p>Line 5:&nbsp;cout&nbsp;(pronounced &quot;see-out&quot;) is an&nbsp;object&nbsp;used together with the&nbsp;insertion operator&nbsp;(&lt;&lt;) to output/print text. In our example it will output &quot;Hello World!&quot;.</p>\r\n\r\n<p>Note:&nbsp;Every C++ statement ends with a semicolon&nbsp;;.</p>\r\n\r\n<p>Note:&nbsp;The body of&nbsp;int main()&nbsp;could also been written as:<br />\r\nint main () { cout &lt;&lt; &quot;Hello World! &quot;; return 0; }</p>\r\n\r\n<p>Remember:&nbsp;The compiler ignores white spaces. However, multiple lines makes the code more readable.</p>\r\n\r\n<p>Line 6:&nbsp;return 0&nbsp;ends the main function.</p>\r\n\r\n<p>Line 7:&nbsp;Do not forget to add the closing curly bracket&nbsp;}&nbsp;to actually end the main function.</p>\r\n\r\n<h2>Applications of C++ Programming</h2>\r\n\r\n<p>As mentioned before, C++ is one of the most widely used programming languages. It has it&#39;s presence in almost every area of software development. I&#39;m going to list few of them here:</p>\r\n\r\n<ul>\r\n	<li>Application Software Development&nbsp;- C++ programming has been used in developing almost all the major Operating Systems like Windows, Mac OSX and Linux. Apart from the operating systems, the core part of many browsers like Mozilla Firefox and Chrome have been written using C++. C++ also has been used in developing the most popular database system called MySQL.</li>\r\n	<li>Programming Languages Development&nbsp;- C++ has been used extensively in developing new programming languages like C#, Java, JavaScript, Perl, UNIX&rsquo;s C Shell, PHP and Python, and Verilog etc.</li>\r\n	<li>Computation Programming&nbsp;- C++ is the best friends of scientists because of fast speed and computational efficiencies.</li>\r\n	<li>Games Development&nbsp;- C++ is extremely fast which allows programmers to do procedural programming for CPU intensive functions and provides greater control over hardware, because of which it has been widely used in development of gaming engines.</li>\r\n	<li>Embedded System&nbsp;- C++ is being heavily used in developing Medical and Engineering Applications like softwares for MRI machines, high-end CAD/CAM systems etc.</li>\r\n	<li>Operating Systems &amp; Systems Programming. e.g.&nbsp;Linux-based OS (Ubuntu etc.)</li>\r\n	<li>Browsers&nbsp;(Chrome &amp; Firefox)</li>\r\n	<li>Graphics &amp; Game engines&nbsp;(Photoshop, Blender, Unreal-Engine)</li>\r\n	<li>Database Engines&nbsp;(MySQL, MongoDB, Redis etc.)</li>\r\n	<li>Cloud/Distributed Systems</li>\r\n</ul>\r\n\r\n<h3>Advantages of C++:</h3>\r\n\r\n<ol>\r\n	<li>Performance: C++ is a compiled language, which means that its code is compiled into machine-readable code, making it one of the fastest programming languages.</li>\r\n	<li>Object-Oriented Programming: C++ supports object-oriented programming, which makes it easier to write and maintain large, complex applications.</li>\r\n	<li>Standard Template Library (STL): The STL provides a wide range of algorithms and data structures for working with data, making it easier to write efficient and effective code.</li>\r\n	<li>Platform Independent: C++ is a platform-independent language, meaning that code written in C++ can be compiled and run on a wide range of platforms, from desktop computers to mobile devices.</li>\r\n	<li>Large Community: C++ has a large, active community of developers and users, providing a wealth of resources and support for learning and using the language.</li>\r\n</ol>\r\n\r\n<ul>\r\n	<li>Disadvantages of C++:</li>\r\n</ul>\r\n\r\n<ol>\r\n	<li>Steep Learning Curve: C++ can be challenging to learn, especially for beginners, due to its complexity and the number of concepts that need to be understood.</li>\r\n	<li>Verbose Syntax: C++ has a verbose syntax, which can make code longer and more difficult to read and maintain.</li>\r\n	<li>Error-Prone: C++ provides low-level access to system resources, which can lead to subtle errors that are difficult to detect and fix.</li>\r\n</ol>\r\n\r\n<ul>\r\n	<li>Reference Books:</li>\r\n</ul>\r\n\r\n<ol>\r\n	<li>&ldquo;The C++ Programming Language&rdquo; by Bjarne Stroustrup</li>\r\n	<li>&ldquo;Effective C++: 55 Specific Ways to Improve Your Programs and Designs&rdquo; by Scott Meyers</li>\r\n	<li>&ldquo;C++ Primer Plus&rdquo; by Stephen Prata</li>\r\n	<li>&ldquo;C++ For Dummies&rdquo; by Stephen R. Davis</li>\r\n</ol>\r\n\r\n<p>&nbsp;</p>\r\n\r\n<p>&nbsp;</p>\r\n\r\n<p>&nbsp;</p>\r\n');
INSERT INTO `units` (`unit_id`, `c_id`, `unit_name`, `unit_description`, `content`) VALUES
(15, 6, 'Object Oriented Programming', 'Object Oriented Programming', '<p>Object Oriented Programming</p>\r\n\r\n<p>&ldquo;Object oriented programming as an approach that provides a way of modularizing programs by creating partitioned memory area for both data and functions that can be used as templates for creating copies of such modules on demand&rdquo;.</p>\r\n\r\n<p>Features of the Object Oriented programming</p>\r\n\r\n<p>1. Emphasis is on doing rather than procedure.</p>\r\n\r\n<p>2. programs are divided into what are known as objects.</p>\r\n\r\n<p>3. Data structures are designed such that they characterize the objects.</p>\r\n\r\n<p>4. Functions that operate on the data of an object are tied together in the data structure.</p>\r\n\r\n<p>5. Data is hidden and can&rsquo;t be accessed by external functions.</p>\r\n\r\n<p>6. Objects may communicate with each other through functions.</p>\r\n\r\n<p>7. New data and functions can be easily added.</p>\r\n\r\n<p>8. Follows bottom-up approach in program design.</p>\r\n\r\n<p>BASIC CONCEPTS OF OBJECTS ORIENTED PROGRAMMING</p>\r\n\r\n<p>1. Objects</p>\r\n\r\n<p>2. Classes</p>\r\n\r\n<p>3. Data abstraction and encapsulation</p>\r\n\r\n<p>4. Inheritance</p>\r\n\r\n<p>5. Polymorphism</p>\r\n\r\n<p>6. Dynamic binding</p>\r\n\r\n<p>7. Message passing</p>\r\n\r\n<p>OBJECTS</p>\r\n\r\n<ul>\r\n	<li>Objects are the basic run-time entities in an object-oriented system. They may represent a person, a place, a bank account, a table of data or any item that the program must handle.</li>\r\n	<li>The fundamental idea behind object oriented approach is to combine both data and function into a single unit and these units are called objects.</li>\r\n	<li>The term objects means a combination of data and program that represent some real word entity. For example: consider an example named Amit; Amit is 25 years old and his salary is 2500.</li>\r\n	<li>The Amit may be represented in a computer program as an object. The data part of the object would be (name: Amit, age: 25, salary: 2500)</li>\r\n	<li>The program part of the object may be collection of programs (retrive of data, change age, change of salary). In general even any user &ndash;defined type-such as employee may be used. In the Amit object the name, age and salary are called attributes of the object.</li>\r\n</ul>\r\n\r\n<p>CLASS:</p>\r\n\r\n<p>A group of objects that share common properties for data part and some program part are collectively called as class.</p>\r\n\r\n<p>In C ++ a class is a new data type that contains member variables and member functions that operate on the variables.</p>\r\n\r\n<p>DATA ABSTRACTION :</p>\r\n\r\n<p>Abstraction refers to the act of representing essential features without including the back ground details or explanations. Classes use the concept of abstraction and are defined as size, width and cost and functions to operate on the attributes.</p>\r\n\r\n<p>DATA ENCAPSALATION :</p>\r\n\r\n<p>The wrapping up of data and function into a single unit (called class) is known as encapsulation. The data is not accessible to the outside world and only those functions which are wrapped in the class can access it. These functions provide the interface between the objects data and the program.</p>\r\n\r\n<p>INHERITENCE :</p>\r\n\r\n<ul>\r\n	<li>Inheritance is the process by which objects of one class acquire the properties of another class.</li>\r\n	<li>In the concept of inheritance provides the idea of reusablity. This mean that we can add additional features to an existing class with out modifying it.</li>\r\n	<li>This is possible by desining a new class will have the combined features of both the classes.</li>\r\n</ul>\r\n\r\n<p>POLYMORPHISIM:</p>\r\n\r\n<ul>\r\n	<li>Polymorphism means the ability to take more than one form. An operation may exhibit different instance. The behaviour depends upon the type of data used in the operation.</li>\r\n	<li>A language feature that allows a function or operator to be given more than one definition. The types of the arguments with which the function or operator is called determines which definition will be used.</li>\r\n	<li>Overloading may be operator overloading or function overloading.</li>\r\n	<li>It is able to express the operation of addition by a single operater say &lsquo;+&rsquo;. When this is possible you use the expression x + y to denote the sum of x and y, for many different types of x and y; integers , float and complex no.</li>\r\n	<li>&nbsp;You can even define the + operation for two strings to mean the concatenation of the strings.</li>\r\n</ul>\r\n\r\n<p>DYNAMIC BINDING :</p>\r\n\r\n<p>Binding refers to the linking of a procedure call to the code to the executed in response to the call. Dynamic binding means the code associated with a given procedure call is not known until the time of the call at run-time. It is associated with a polymorphic reference depends upon the dynamic type of that reference.</p>\r\n\r\n<p>MESSAGE PASSING :</p>\r\n\r\n<ul>\r\n	<li>An object oriented program consists of a set of objects that communicate with each other.</li>\r\n	<li>A message for an object is a request for execution of a procedure and therefore will invoke a function (procedure) in the receiving object that generates the desired result.</li>\r\n	<li>Message passing involves specifying the name of the object, the name of the function (message) and information to be sent.</li>\r\n</ul>\r\n\r\n<p>BENEFITS OF OOP:</p>\r\n\r\n<p>Oop offers several benefits to both the program designer and the user. Object-oriented contributes to the solution of many problems associated with the development and quality of software products.</p>\r\n\r\n<p>The principal advantages are :</p>\r\n\r\n<p>1. Through inheritance we can eliminate redundant code and extend the use of existing classes.</p>\r\n\r\n<p>2. We can build programs from the standard working modules that communicate with one another, rather than having to start writing the code from scratch. This leads to saving of development time and higher productivity.</p>\r\n\r\n<p>3. This principle of data hiding helps the programmer to build secure programs that can&rsquo;t be invaded by code in other parts of the program.</p>\r\n\r\n<p>4. It is possible to have multiple instances of an object to co-exist with out any interference.</p>\r\n\r\n<p>5. It is easy to partition the work in a project based on objects.</p>\r\n\r\n<p>6. Object-oriented systems can be easily upgraded from small to large systems.</p>\r\n\r\n<p>7. Message passing techniques for communication between objects makes the interface description with external systems much simpler.</p>\r\n\r\n<p>8. Software complexity can be easily managed.</p>\r\n\r\n<p>APPLICATION OF OOP:</p>\r\n\r\n<ul>\r\n	<li>The most popular application of oops up to now, has been in the area of user interface design such as windows. There are hundreds of windowing systems developed using OOP techniques.</li>\r\n	<li>Real business systems are often much more complex and contain many more objects with complicated attributes and methods.</li>\r\n	<li>OOP is useful in this type of applications because it can simplify a complex problem. The promising areas for application of oop includes.</li>\r\n</ul>\r\n\r\n<p>1. Real &ndash; Time systems.</p>\r\n\r\n<p>2. Simulation and modeling</p>\r\n\r\n<p>3. Object oriented databases.</p>\r\n\r\n<p>4. Hypertext,hypermedia and expertext.</p>\r\n\r\n<p>5. Al and expert systems.</p>\r\n\r\n<p>6. Neural networks and parallel programming.</p>\r\n\r\n<p>7. Dicision support and office automation systems.</p>\r\n\r\n<p>8. CIM / CAM / CAD system.</p>\r\n\r\n<p>Basics of C++</p>\r\n\r\n<ul>\r\n	<li>C ++ is an object oriented programming language, C ++ was developed by Jarney Stroustrup at AT &amp; T Bell lab, USA in early eighties.</li>\r\n	<li>C ++ was developed from c and simula 67 language. C ++ was early called &lsquo;C with classes&rsquo;.</li>\r\n</ul>\r\n\r\n<p>C++ Comments:</p>\r\n\r\n<ul>\r\n	<li>C++ introduces a new comment symbol //(double slash). Comments start with a double slash symbol and terminate at the end of line.</li>\r\n	<li>A comment may start any where in the line and what ever follows till the end of line is ignored. Note that there is no closing symbol.</li>\r\n	<li>The double slash comment is basically a single line comment. Multi line comments can be written as follows:</li>\r\n</ul>\r\n\r\n<p>// this is an example of</p>\r\n\r\n<p>// c++ program</p>\r\n\r\n<p>// thank you</p>\r\n\r\n<p>The c comment symbols /* &hellip;.*/ are still valid and more suitable for multi line comments.</p>\r\n\r\n<p>/* this is an example of c++ program */</p>\r\n\r\n<p>Output Operator:</p>\r\n\r\n<ul>\r\n	<li>The statement cout &lt;&lt;&rdquo;Hello, world&rdquo; displayed the string with in quotes on the screen.</li>\r\n	<li>The identifier cout can be used to display individual characters, strings and even numbers.</li>\r\n	<li>It is a predefined object that corresponds to the standard output stream.</li>\r\n	<li>Stream just refers to a flow of data and the standard Output stream normally flows to the screen display.</li>\r\n	<li>The cout object, whose properties are defined in iostream.h represents that stream.</li>\r\n	<li>The insertion operator &lt;&lt; also called the &lsquo;put to&rsquo; operator directs the information on its right to the object on its left.</li>\r\n</ul>\r\n\r\n<p>Return Statement:</p>\r\n\r\n<p>In C++ main ( ) returns an integer type value to the operating system. Therefore every main ( ) in C++ should end with a return (0) statement, otherwise a warning or an error might occur.</p>\r\n\r\n<p>Input Operator:</p>\r\n\r\n<p>The statement</p>\r\n\r\n<p>cin&gt;&gt; number 1;</p>\r\n\r\n<p>is an input statement and causes. The program to wait for the user to type in a number. The number keyed in is placed in the variable number1. The identifier cin is a predefined object in C++ that corresponds to the standard input stream. Here this stream represents the key board.</p>\r\n\r\n<p>The operator &gt;&gt; is known as get from operator. It extracts value from the keyboard and assigns it to the variable on its right.</p>\r\n\r\n<p>Cascading Of I/O Operator:</p>\r\n\r\n<p>cout&lt;&lt;&rdquo;sum=&rdquo;&lt;&lt;sum&lt;&lt;&rdquo;\n&rdquo;;</p>\r\n\r\n<p>cout&lt;&lt;&rdquo;sum=&rdquo;&lt;&lt;sum&lt;&lt;&rdquo;\n&rdquo;&lt;&lt;&rdquo;average=&rdquo;&lt;&lt;average&lt;&lt;&rdquo;\n&rdquo;;</p>\r\n\r\n<p>cin&gt;&gt;number1&gt;&gt;number2;</p>\r\n\r\n<p>Structure Of A Program :</p>\r\n\r\n<p>Probably the best way to start learning a programming language is by writing a program. Therefore, here is our first program:</p>\r\n\r\n<p>// my first program in C++</p>\r\n\r\n<p>#include &lt;iostream&gt;</p>\r\n\r\n<p>using namespace std;</p>\r\n\r\n<p>int main ()</p>\r\n\r\n<p>{</p>\r\n\r\n<p>&nbsp;cout &lt;&lt; &quot;Hello World!&quot;;</p>\r\n\r\n<p>&nbsp;return 0;</p>\r\n\r\n<p>}</p>\r\n\r\n<p>Output:-Hello World!</p>\r\n\r\n<p>my first program in C++</p>\r\n\r\n<p>This is a comment line. All lines beginning with two slash signs (//) are considered comments and do not have any effect on the behavior of the program. The programmer can use them to include short explanations or observations within the source code itself. In this case, the line is a brief description of what our program is.</p>\r\n\r\n<p>#include &lt;iostream&gt;</p>\r\n\r\n<p>Lines beginning with a hash sign (#) are directives for the pre-processor. They are not regular code lines with expressions but indications for the compiler&#39;s pre-processor.</p>\r\n\r\n<p>In this case the directive #include&lt;iostream&gt; tells the pre-processor to include the iostream standard file. This specific file (iostream) includes the declarations of the basic standard input-output library in C++, and it is included because its functionality is going to be used later in the program.</p>\r\n\r\n<p>using namespace std;</p>\r\n\r\n<p>All the elements of the standard C++ library are declared within what is called a namespace, the namespace with the name std. So in order to access its functionality we declare with this expression that we will be using these entities. This line is very frequent in C++ programs that use the standard library, and in fact it will be included in most of the source codes included in these tutorials.</p>\r\n\r\n<p>int main ()</p>\r\n\r\n<p>This line corresponds to the beginning of the definition of the main function. The main function is the point by where all C++ programs start their execution, independently of its location within the source code. It does not matter whether there are other functions with other names defined before or after it &ndash; the instructions contained within this function&#39;s definition will always be the first ones to be executed in any C++ program. For that same reason, it is essential that all C++ programs have a main function.</p>\r\n\r\n<p>The word main is followed in the code by a pair of parentheses (()). That is because it is a function declaration:</p>\r\n\r\n<p>In C++, what differentiates a function declaration from other types of expressions are these parentheses that follow its name. Optionally, these parentheses may enclose a list of parameters within them.</p>\r\n\r\n<p>Right after these parentheses we can find the body of the main function enclosed in braces ({}). What is contained within these braces is what the function does when it is executed.</p>\r\n\r\n<p>cout &lt;&lt; &quot;Hello World!&quot;;</p>\r\n\r\n<p>This line is a C++ statement. A statement is a simple or compound expression that can actually produce some effect. In fact, this statement performs the only action that generates a visible effect in our first program.</p>\r\n\r\n<p>cout represents the standard output stream in C++, and the meaning of the entire statement is to insert a sequence of characters (in this case the Hello World sequence of characters) into the standard output stream (which usually is the screen). cout is declared in the iostream standard file within the std namespace, so that&#39;s why we needed toinclude that specific file and to declare that we were going to use this specific namespace earlier inour code.</p>\r\n\r\n<p>Notice that the statement ends with a semicolon character (;). This character is used to mark the end of the statement and in fact it must be included at the end of all expression statements in all C++ programs (one of the most common syntax errors is indeed to forget to include some semicolon after a statement).</p>\r\n\r\n<p>return 0;</p>\r\n\r\n<p>The return statement causes the main function to finish. return may be followed by a return code (in our example is followed by the return code 0). A return code of 0 for the main function is generally interpreted as the program worked as expected without any errors during its execution. This is the most usual way to end a C++ console program.</p>\r\n\r\n<p>ï‚· Include files</p>\r\n\r\n<p>ï‚· Class declaration</p>\r\n\r\n<p>ï‚· Class functions, definition</p>\r\n\r\n<p>ï‚· Main function program</p>\r\n\r\n<p>Example :-</p>\r\n\r\n<p># include&lt;iostream.h&gt;</p>\r\n\r\n<p>class person</p>\r\n\r\n<p>{</p>\r\n\r\n<p>char name[30];</p>\r\n\r\n<p>int age;</p>\r\n\r\n<p>public:</p>\r\n\r\n<p>void getdata(void);</p>\r\n\r\n<p>void display(void);</p>\r\n\r\n<p>};</p>\r\n\r\n<p>void person :: getdata ( void )</p>\r\n\r\n<p>{</p>\r\n\r\n<p>cout&lt;&lt;&rdquo;enter name&rdquo;;</p>\r\n\r\n<p>cin&gt;&gt;name;</p>\r\n\r\n<p>cout&lt;&lt;&rdquo;enter age&rdquo;;</p>\r\n\r\n<p>cin&gt;&gt;age;</p>\r\n\r\n<p>}</p>\r\n\r\n<p>void display()</p>\r\n\r\n<p>{</p>\r\n\r\n<p>cout&lt;&lt;&rdquo;\n name:&rdquo;&lt;&lt;name;</p>\r\n\r\n<p>cout&lt;&lt;&rdquo;\n age:&rdquo;&lt;&lt;age;</p>\r\n\r\n<p>}</p>\r\n\r\n<p>int main( )</p>\r\n\r\n<p>{</p>\r\n\r\n<p>person p;</p>\r\n\r\n<p>p.getdata();</p>\r\n\r\n<p>p.display();</p>\r\n\r\n<p>return(0);</p>\r\n\r\n<p>}</p>\r\n'),
(16, 6, 'Tokens in C++', 'Tokens in C++', '<p>TOKENS:</p>\r\n\r\n<p>The smallest individual units in program are known as tokens. C++ has the following tokens.</p>\r\n\r\n<p>i. Keywords</p>\r\n\r\n<p>ii. Identifiers</p>\r\n\r\n<p>iii. Constants</p>\r\n\r\n<p>iv. Strings</p>\r\n\r\n<p>v. Operators</p>\r\n\r\n<p>KEYWORDS:</p>\r\n\r\n<p>The keywords implement specific C++ language feature. They are explicitly reserved identifiers and can&rsquo;t be used as names for the program variables or other user defined program elements. The keywords not found in ANSI C are shown in red letter.</p>\r\n\r\n<p>C++ KEYWORDS:</p>\r\n\r\n<p>double ,new ,switch, Auto ,else ,operator ,template ,Break, enum, private ,this ,Case ,extern, protected ,throw, Catch ,float ,public ,try, Char, for, register, typedef, Class , friend ,return, union, Const, &nbsp;goto, &nbsp;short, unsigned, Continue, if, signed, virtual, Default ,inline, sizeof ,void, Delete, long , struet, while</p>\r\n\r\n<p>IDENTIFIERS:</p>\r\n\r\n<p>Identifiers refers to the name of variable , functions, array, class etc. created by programmer. Each language has its own rule for naming the identifiers.</p>\r\n\r\n<p>The following rules are common for both C and C++</p>\r\n\r\n<p>1. Only alphabetic chars, digits and under score are permitted.</p>\r\n\r\n<p>2. The name can&rsquo;t start with a digit.</p>\r\n\r\n<p>3. Upper case and lower case letters are distinct.</p>\r\n\r\n<p>4. A declared keyword can&rsquo;t be used as a variable name.</p>\r\n\r\n<p>In ANSI C the maximum length of a variable is 32 chars but in c++ there is no bar.</p>\r\n\r\n<p>BASIC DATA TYPES IN C++</p>\r\n\r\n<p>Both C and C++ compilers support all the built in types. With the exception of void the basic datatypes may have several modifiers preceding them to serve the needs of various situations. The modifiers signed, unsigned, long and short may applied to character and integer basic data types. However the modifier long may also be applied to double.</p>\r\n\r\n<p>Data types in C++ can be classified under various categories.</p>\r\n\r\n<p>&nbsp;The type void normally used for:</p>\r\n\r\n<p>1) To specify the return type of function when it is not returning any value.</p>\r\n\r\n<p>2) To indicate an empty argument list to a function.</p>\r\n\r\n<p>Example:</p>\r\n\r\n<p>Void function(void);</p>\r\n\r\n<p>Another interesting use of void is in the declaration of genetic pointer</p>\r\n\r\n<p>Example:</p>\r\n\r\n<p>Void *gp;</p>\r\n\r\n<p>Assigning any pointer type to a void pointer without using a cast is allowed in both C and ANSI C.</p>\r\n\r\n<p>In ANSI C we can also assign a void pointer to a non-void pointer without using a cast to non void pointer type. This is not allowed in C ++.</p>\r\n\r\n<p>Example:</p>\r\n\r\n<p>void *ptr1;</p>\r\n\r\n<p>void *ptr2;</p>\r\n\r\n<p>Are valid statement in ANSI C but not in C++. We need to use a cast operator.</p>\r\n\r\n<p>ptr2=(char * ) ptr1;</p>\r\n\r\n<p>USER DEFINED DATA TYPES:</p>\r\n\r\n<p>STRUCTERS AND CLASSES</p>\r\n\r\n<p>We have used user defined data types such as struct,and union in C. While these more features have been added to make them suitable for object oriented programming. C++ also permits us to define another user defined data type known as class which can be used just like any other basic data type to declare a variable. The class variables are known as objects, which are the central focus of oops.</p>\r\n\r\n<p>ENUMERATED DATA TYPE:</p>\r\n\r\n<p>An enumerated data type is another user defined type which provides a way for attaching names to number, these by increasing comprehensibility of the code. The enum keyword automatically enumerates a list of words by assigning them values 0,1,2 and soon. This facility provides an alternative means for creating symbolic.</p>\r\n\r\n<p>&nbsp;SYMBOLIC CONSTANT:</p>\r\n\r\n<p>There are two ways of creating symbolic constants in c++.</p>\r\n\r\n<p>1. using the qualifier const.</p>\r\n\r\n<p>2. defining a set of integer constants using enum keywords.</p>\r\n\r\n<p>DECLARATION OF VARIABLES:</p>\r\n\r\n<p>In ANSIC C all the variable which is to be used in programs must be declared at the beginning of the program .But in C++ we can declare the variables any whose in the program where it requires .This makes the program much easier to write and reduces the errors that may be caused by having to scan back and forth. It also makes the program easier to understand because the variables are declared in the context of their use.</p>\r\n\r\n<p>REFERENCE VARIABLES:</p>\r\n\r\n<p>C++interfaces a new kind of variable known as the reference variable. A references variable provides an alias.(alternative name) for a previously defined variable. For example ,if we make the variable sum a reference to the variable total, then sum and total can be used interchangeably to represent the variable.</p>\r\n\r\n<p>A reference variable is created as follows:</p>\r\n\r\n<p>Syntax: Datatype &amp; reference &ndash;name=variable name;</p>\r\n\r\n<p>Example:</p>\r\n\r\n<p>Float total=1500;</p>\r\n\r\n<p>float &amp;sum=total;</p>\r\n\r\n<p>Here sum is the alternative name for variables total, both the variables refer to the same data object in the memory .</p>\r\n\r\n<p>A reference variable must be initialized at the time of declaration .</p>\r\n\r\n<p>Note that C++ assigns additional meaning to the symbol &amp; here &amp; is not an address operator .The notation float &amp; means reference to float.</p>\r\n\r\n<p>Example:</p>\r\n\r\n<p>int n[10];</p>\r\n\r\n<p>int &amp;x=n[10];</p>\r\n\r\n<p>char &amp;a=&rsquo;\n&rsquo;;</p>\r\n\r\n<p>OPERATORS IN C++ :</p>\r\n\r\n<p>C++ has a rich set of operators. All C operators are valid in C++ also. In addition. C++ introduces some new operators.</p>\r\n\r\n<ul>\r\n	<li>&lt;&lt; insertion operator</li>\r\n	<li>&gt;&gt; extraction operator</li>\r\n	<li>: : scope resolution operator</li>\r\n	<li>: :* pointer to member declarator</li>\r\n	<li>pointer to member operator</li>\r\n	<li>.* pointer to member operator</li>\r\n	<li>Delete memory release operator</li>\r\n	<li>Endl line feed operator</li>\r\n	<li>New memory allocation operator</li>\r\n	<li>Setw field width operator</li>\r\n</ul>\r\n\r\n<p>SCOPE RESOLUTION OPERATOR:</p>\r\n\r\n<p>Like C,C++ is also a block-structured language. Block -structured language. Blocks and scopes can be used in constructing programs. We know same variables can be declared in different blocks because the variables declared in blocks are local to that function. Blocks in C++ are often nested.Block2 contained in block l .Note that declaration in an inner block hides a declaration of the same variable in an outer block and therefore each declaration of x causes it to refer to a different data object .With in the inner block the variable x will refer to the data object declared there in. C ,the global version of a variable can&#39;t be accessed from with in the inner block. C++ resolves this problem by introducing a new operator :: called the scope resolution operator .This can be used to uncover a hidden variable.</p>\r\n\r\n<p>Syntax: : : variable &ndash;name;</p>\r\n\r\n<p>Memory Management Operator</p>\r\n\r\n<p>C uses malloc and calloc functions to allocate memory dynamically at run time . Similarly it uses the functions Free( ) to free dynamically allocated memory. We use dynamic allocation techniques when it is not known in advance how much of memory space as needed .C++ also support those functions it also defines two unary operators new and delete that perform the task of allocating and freeing the memory in a better and easier way. The new operator can be used to create objects of any type.</p>\r\n\r\n<p>&nbsp;Syntax: pointer_variable =new datatype;</p>\r\n\r\n<p>MANIPULATERS:</p>\r\n\r\n<p>Manipulators are operator that are used to format the data display. The most commonly manipulators are</p>\r\n\r\n<p>endl and setw.</p>\r\n\r\n<p>The endl manipulator, when used in an output statement, causes a line feed to be insert.(just like \n)</p>\r\n\r\n<p>Example:</p>\r\n\r\n<p>cout&lt;&lt;&rdquo;m=&rdquo;&lt;&lt;m&lt;&lt;endl;</p>\r\n\r\n<p>cout&lt;&lt;&rdquo;n=&rdquo;&lt;&lt;n&lt;&lt;endl;</p>\r\n\r\n<p>cout&lt;&lt;&rdquo;p=&rdquo;&lt;&lt;p&lt;&lt;endl;</p>\r\n\r\n<p>If we assume the values of the variables as 2597,14 and 175 respectively</p>\r\n\r\n<p>m=2597; n=14; p=175</p>\r\n\r\n<p>It was want to print all nos in right justified way use setw which specify a common field width for all the nos.</p>\r\n\r\n<p>CONTROL STRUCTURES:</p>\r\n\r\n<p>Like c,c++, supports all the basic control structures and implements them various control statements.</p>\r\n\r\n<p>The if statement:</p>\r\n\r\n<p>The if statement is impklemented in two forms:</p>\r\n\r\n<p>1. simple if statement</p>\r\n\r\n<p>2. if&hellip; else statement</p>\r\n\r\n<p>Simple if statement:</p>\r\n\r\n<p>if (condition)</p>\r\n\r\n<p>{</p>\r\n\r\n<p>Action;</p>\r\n\r\n<p>}</p>\r\n\r\n<p>If.. else statement</p>\r\n\r\n<p>If (condition)</p>\r\n\r\n<p>Statment1</p>\r\n\r\n<p>Else</p>\r\n\r\n<p>Statement2</p>\r\n\r\n<p>The switch statement</p>\r\n\r\n<p>This is a multiple-branching statement where, based on a condition, the control is transferred to one of the many possible points;</p>\r\n\r\n<p>Switch(expr)</p>\r\n\r\n<p>{</p>\r\n\r\n<p>case 1:</p>\r\n\r\n<p>action1;</p>\r\n\r\n<p>break;</p>\r\n\r\n<p>case 2:</p>\r\n\r\n<p>action2;</p>\r\n\r\n<p>break;</p>\r\n\r\n<p>..</p>\r\n\r\n<p>..</p>\r\n\r\n<p>default:</p>\r\n\r\n<p>message</p>\r\n\r\n<p>}</p>\r\n\r\n<p>The while statement:</p>\r\n\r\n<p>Syntax:</p>\r\n\r\n<p>While(condition)</p>\r\n\r\n<p>{</p>\r\n\r\n<p>Statements</p>\r\n\r\n<p>}</p>\r\n\r\n<p>The do-while statement:</p>\r\n\r\n<p>Syntax:</p>\r\n\r\n<p>do</p>\r\n\r\n<p>{</p>\r\n\r\n<p>Statements</p>\r\n\r\n<p>} while(condition);</p>\r\n\r\n<p>The for loop:</p>\r\n\r\n<p>for(expression1;expression2;expression3)</p>\r\n\r\n<p>{</p>\r\n\r\n<p>Statements;</p>\r\n\r\n<p>Statements;</p>\r\n\r\n<p>}</p>\r\n\r\n<p>FUNCTION IN C++:</p>\r\n\r\n<p>The main( )Function ;</p>\r\n\r\n<p>ANSI does not specify any return type for the main ( ) function which is the starting point for the execution of a program .The definition of main( ) is :-</p>\r\n\r\n<p>main()</p>\r\n\r\n<p>{</p>\r\n\r\n<p>//main program statements</p>\r\n\r\n<p>}</p>\r\n\r\n<p>This is property valid because the main () in ANSI C does not return any value. In C++, the main () returns a value of type int to the operating system. The functions that have a return value should use the return statement for terminating.</p>\r\n\r\n<p>The main () function in C++ is therefore defined as follows.</p>\r\n\r\n<p>int main( )</p>\r\n\r\n<p>{</p>\r\n\r\n<p>--------------</p>\r\n\r\n<p>--------------</p>\r\n\r\n<p>return(0)</p>\r\n\r\n<p>}</p>\r\n\r\n<p>Since the return type of functions is int by default, the key word int in the main( ) header is optional.</p>\r\n\r\n<p>INLINE FUNCTION:</p>\r\n\r\n<p>To eliminate the cost of calls to small functions C++ proposes a new feature called inline function.</p>\r\n\r\n<p>An inline function is a function that is expanded inline when it is invoked .That is the compiler replaces the function call with the corresponding function code.</p>\r\n\r\n<p>The inline functions are defined as follows:-</p>\r\n\r\n<p>inline function-header</p>\r\n\r\n<p>{</p>\r\n\r\n<p>function body;</p>\r\n\r\n<p>}</p>\r\n\r\n<p>Example: inline double cube (double a)</p>\r\n\r\n<p>{</p>\r\n\r\n<p>return(a*a*a);</p>\r\n\r\n<p>}</p>\r\n\r\n<p>The above inline function can be invoked by statements like</p>\r\n\r\n<p>c=cube(3.0);</p>\r\n\r\n<p>d=cube(2.5+1.5);</p>\r\n\r\n<p>remember that the inline keyword merely sends a request, not a command to the compiler. The compiler may ignore this request if the function definition is too long or too complicated and compile the function as a normal function.</p>\r\n\r\n<p>Some of the situations where inline expansion may not work are:</p>\r\n\r\n<p>1. For functions returning values if a loop, a switch or a go to exists.</p>\r\n\r\n<p>2. for function s not returning values, if a return statement exists.</p>\r\n\r\n<p>3. if functions contain static variables.</p>\r\n\r\n<p>4. if inline functions are recursive,.</p>\r\n\r\n<p>DEFAULT ARGUMENT:-</p>\r\n\r\n<p>C++ allows us to call a function with out specifying all its arguments.In such cases, the function assigns a default value to the parameter which does not have a matching arguments in the function call .Default values are specified when the function is declared .The compiler looks at the prototype to see how many arguments a function uses and alerts the program for possible default values.</p>\r\n\r\n<p>Example: float amount (float principle, int period ,float rate=0.15);</p>\r\n\r\n<p>The default value is specified in a manner syntactically similar to a variable initialization .The above prototype declares a default value of 0.15 to the argument rate.</p>\r\n\r\n<p>Default arguments are useful in situation whose some arguments always have the some value</p>\r\n\r\n<p>CONST ARGUMENT:-</p>\r\n\r\n<p>&nbsp;In C++, an argument to a function can be declared as unit as const as shown</p>\r\n\r\n<p>below.</p>\r\n\r\n<p>int strlen(const char *p);</p>\r\n\r\n<p>int length(const string &amp;s);</p>\r\n\r\n<p>The qualifier const tells the compiler that the function should not modify the argument .the compiler will generate an error when this condition is violated .This type of declaration is significant only when we pass arguments by reference or pointers.</p>\r\n'),
(20, 16, 'ds1', 'ds1', '<h2><strong>What is Data Structure:</strong></h2>\r\n\r\n<blockquote>\r\n<p>A data structure is a storage that is used to store and organize data. It is a way of arranging data on a computer so that it can be accessed and updated efficiently.</p>\r\n</blockquote>\r\n\r\n<p>A data structure is not only used for organizing the data. It is also used for processing, retrieving, and storing data. There are different basic and advanced types of data structures that are used in almost every program or software system that has been developed. So we must have good knowledge about data structures.&nbsp;</p>\r\n\r\n<blockquote>\r\n<p><strong>Get Hands-on With Data Structures and Algorithms</strong></p>\r\n\r\n<p>Master fundamental computer science concepts to solve real-world problems and ace coding interview questions with Educative&rsquo;s interactive course&nbsp;<a href=\"https://www.educative.io/geeks-data-structures\" target=\"_blank\">Data Structures and Algorithms in Python.</a>&nbsp;Sign up at Educative.io with the code&nbsp;<strong>GEEKS10</strong>&nbsp;to save 10% on your subscription.</p>\r\n</blockquote>\r\n\r\n<h2><strong>Classification of Data Structure:&nbsp;</strong></h2>\r\n\r\n<p><img alt=\"Classification of Data Structure\" src=\"https://media.geeksforgeeks.org/wp-content/uploads/20220520182504/ClassificationofDataStructure-660x347.jpg\" /></p>\r\n\r\n<p><strong>Classification of Data Structure</strong></p>\r\n\r\n<ul>\r\n	<li><strong>Linear data structure:</strong>&nbsp;Data structure in which data elements are arranged sequentially or linearly, where each element is attached to its previous and next adjacent elements, is called a linear data structure.&nbsp;<br />\r\n	<em>Examples of linear data structures are array, stack, queue, linked list, etc.</em>\r\n\r\n	<ul>\r\n		<li><strong>Static data structure:&nbsp;</strong>Static data structure has a fixed memory size. It is easier to access the elements in a static data structure.&nbsp;<br />\r\n		<em>An example of this data structure is an array.</em></li>\r\n		<li><strong>Dynamic data structure:&nbsp;</strong>In dynamic data structure, the size is not fixed. It can be randomly updated during the runtime which may be considered efficient concerning the memory (space) complexity of the code.&nbsp;<br />\r\n		<em>Examples of this data structure are queue, stack, etc.</em></li>\r\n	</ul>\r\n	</li>\r\n	<li><strong>Non-linear data structure:&nbsp;</strong>Data structures where data elements are not placed sequentially or linearly are called non-linear data structures. In a non-linear data structure, we can&rsquo;t traverse all the elements in a single run only.&nbsp;<br />\r\n	<em>Examples of non-linear data structures are trees and graphs.</em></li>\r\n</ul>\r\n\r\n<p><strong>For example,</strong>&nbsp;we can store a list of items having the same data-type using the&nbsp;<em>array</em>&nbsp;data structure.</p>\r\n\r\n<p><img alt=\"Array Data Structure\" src=\"https://media.geeksforgeeks.org/wp-content/uploads/array-2.png\" style=\"height:195px; width:429px\" /></p>\r\n\r\n<p>Array Data Structure</p>\r\n\r\n<p>This page contains detailed tutorials on different data structures (DS) with topic-wise problems.</p>\r\n\r\n<p><strong>Introduction to Data Structures:</strong></p>\r\n\r\n<ul>\r\n	<li><a href=\"https://www.geeksforgeeks.org/what-is-data-structure-types-classifications-and-applications/\" target=\"_blank\">What is Data Structure: Types, Classifications and Applications</a></li>\r\n	<li><a href=\"https://www.geeksforgeeks.org/introduction-to-data-structures/\" target=\"_blank\">Introduction to Data Structures</a></li>\r\n	<li><a href=\"https://www.geeksforgeeks.org/common-operations-on-various-data-structures/\" target=\"_blank\">Common operations on various Data Structures</a></li>\r\n</ul>\r\n\r\n<p><strong>Popular types of Data Structures:</strong></p>\r\n\r\n<ul>\r\n	<li><a href=\"https://www.geeksforgeeks.org/array/\">Array</a></li>\r\n	<li><a href=\"https://www.geeksforgeeks.org/data-structures/linked-list/\">Linked List</a></li>\r\n	<li><a href=\"https://www.geeksforgeeks.org/stack/\">Stack</a></li>\r\n	<li><a href=\"https://www.geeksforgeeks.org/queue/\">Queue</a></li>\r\n</ul>\r\n\r\n<ul>\r\n	<li><a href=\"https://www.geeksforgeeks.org/binary-tree-2/\">Binary Tree</a></li>\r\n	<li><a href=\"https://www.geeksforgeeks.org/binary-search-tree/\">Binary Search Tree</a></li>\r\n	<li><a href=\"https://www.geeksforgeeks.org/heap/\">Heap</a></li>\r\n	<li><a href=\"https://www.geeksforgeeks.org/hashing/\">Hashing</a></li>\r\n</ul>\r\n\r\n<ul>\r\n	<li><a href=\"https://www.geeksforgeeks.org/graph-data-structure-and-algorithms/\">Graph</a></li>\r\n	<li><a href=\"https://www.geeksforgeeks.org/matrix/\">Matrix</a></li>\r\n	<li><a href=\"https://www.geeksforgeeks.org/data-structures/#Misc\">Misc</a></li>\r\n	<li><a href=\"https://www.geeksforgeeks.org/advanced-data-structures/\">Advanced Data Structure</a></li>\r\n</ul>\r\n'),
(22, 3, 'introduction to software engineering', '..', '<p>Software Engineering Tutorial delivers basic and advanced concepts of Software Engineering. Software Engineering Tutorial is designed to help beginners and professionals both.</p>\r\n\r\n<p>Software Engineering provides a standard procedure to design and develop a software.</p>\r\n\r\n<p>Our Software Engineering Tutorial contains all the topics of Software Engineering like Software Engineering Models, Software Development Life Cycle, Requirement Engineering, Software Design tools, Software Design Strategies, Software Design levels, Software Project Management, Software Management activities, Software Management Tools, Software Testing levels, Software Testing approaches, Quality Assurance Vs. Quality control, Manual Testing, Software Maintenance, Software Re-engineering and Software Development Tool such as CASE Tool.</p>\r\n\r\n<h2>What is Software Engineering?</h2>\r\n\r\n<p>The term&nbsp;software engineering&nbsp;is the product of two words,&nbsp;software, and&nbsp;engineering.</p>\r\n\r\n<p>The&nbsp;software&nbsp;is a collection of integrated programs.</p>\r\n\r\n<p>Software subsists of carefully-organized instructions and code written by developers on any of various particular computer languages.</p>\r\n\r\n<p>Computer programs and related documentation such as requirements, design models and user manuals.</p>\r\n\r\n<p>Engineering&nbsp;is the application of&nbsp;scientific&nbsp;and&nbsp;practical&nbsp;knowledge to&nbsp;invent, design, build, maintain, and&nbsp;improve frameworks, processes, etc.</p>\r\n\r\n<p><img alt=\"Software Engineering Introduction\" src=\"https://static.javatpoint.com/tutorial/software-engineering/images/software-engineering-introduction.png\" /></p>\r\n\r\n<p>Software Engineering&nbsp;is an engineering branch related to the evolution of software product using well-defined scientific principles, techniques, and procedures. The result of software engineering is an effective and reliable software product.</p>\r\n\r\n<h2>Why is Software Engineering required?</h2>\r\n\r\n<p>Software Engineering is required due to the following reasons:</p>\r\n\r\n<ul>\r\n	<li>To manage Large software</li>\r\n	<li>For more Scalability</li>\r\n	<li>Cost Management</li>\r\n	<li>To manage the dynamic nature of software</li>\r\n	<li>For better quality Management</li>\r\n</ul>\r\n\r\n<h2>Need of Software Engineering</h2>\r\n\r\n<p>The necessity of software engineering appears because of a higher rate of progress in user requirements and the environment on which the program is working.</p>\r\n\r\n<ul>\r\n	<li>Huge Programming:&nbsp;It is simpler to manufacture a wall than to a house or building, similarly, as the measure of programming become extensive engineering has to step to give it a scientific process.</li>\r\n	<li>Adaptability:&nbsp;If the software procedure were not based on scientific and engineering ideas, it would be simpler to re-create new software than to scale an existing one.</li>\r\n	<li>Cost:&nbsp;As the hardware industry has demonstrated its skills and huge manufacturing has let down the cost of computer and electronic hardware. But the cost of programming remains high if the proper process is not adapted.</li>\r\n	<li>Dynamic Nature:&nbsp;The continually growing and adapting nature of programming hugely depends upon the environment in which the client works. If the quality of the software is continually changing, new upgrades need to be done in the existing one.</li>\r\n	<li>Quality Management:&nbsp;Better procedure of software development provides a better and quality software product.</li>\r\n</ul>\r\n\r\n<h2>Characteristics of a good software engineer</h2>\r\n\r\n<p>The features that good software engineers should possess are as follows:</p>\r\n\r\n<p>Exposure to systematic methods, i.e., familiarity with software engineering principles.</p>\r\n\r\n<p>Good technical knowledge of the project range (Domain knowledge).</p>\r\n\r\n<p>Good programming abilities.</p>\r\n\r\n<p>Good communication skills. These skills comprise of oral, written, and interpersonal skills.</p>\r\n\r\n<p>High motivation.</p>\r\n\r\n<p>Sound knowledge of fundamentals of computer science.</p>\r\n\r\n<p>Intelligence.</p>\r\n\r\n<p>Ability to work in a team</p>\r\n\r\n<p>Discipline, etc.</p>\r\n\r\n<h2>Importance of Software Engineering</h2>\r\n\r\n<p><img alt=\"Software Engineering Introduction\" src=\"https://static.javatpoint.com/tutorial/software-engineering/images/software-engineering-introduction2.png\" /></p>\r\n\r\n<p>The importance of Software engineering is as follows:</p>\r\n\r\n<ol>\r\n	<li>Reduces complexity:&nbsp;Big software is always complicated and challenging to progress. Software engineering has a great solution to reduce the complication of any project. Software engineering divides big problems into various small issues. And then start solving each small issue one by one. All these small problems are solved independently to each other.</li>\r\n	<li>To minimize software cost:&nbsp;Software needs a lot of hardwork and software engineers are highly paid experts. A lot of manpower is required to develop software with a large number of codes. But in software engineering, programmers project everything and decrease all those things that are not needed. In turn, the cost for software productions becomes less as compared to any software that does not use software engineering method.</li>\r\n	<li>To decrease time:&nbsp;Anything that is not made according to the project always wastes time. And if you are making great software, then you may need to run many codes to get the definitive running code. This is a very time-consuming procedure, and if it is not well handled, then this can take a lot of time. So if you are making your software according to the software engineering method, then it will decrease a lot of time.</li>\r\n	<li>Handling big projects:&nbsp;Big projects are not done in a couple of days, and they need lots of patience, planning, and management. And to invest six and seven months of any company, it requires heaps of planning, direction, testing, and maintenance. No one can say that he has given four months of a company to the task, and the project is still in its first stage. Because the company has provided many resources to the plan and it should be completed. So to handle a big project without any problem, the company has to go for a software engineering method.</li>\r\n	<li>Reliable software:&nbsp;Software should be secure, means if you have delivered the software, then it should work for at least its given time or subscription. And if any bugs come in the software, the company is responsible for solving all these bugs. Because in software engineering, testing and maintenance are given, so there is no worry of its reliability.</li>\r\n	<li>Effectiveness:&nbsp;Effectiveness comes if anything has made according to the standards. Software standards are the big target of companies to make it more effective. So Software becomes more effective in the act with the help of software engineering.</li>\r\n</ol>\r\n');
INSERT INTO `units` (`unit_id`, `c_id`, `unit_name`, `unit_description`, `content`) VALUES
(23, 1, 'java p unit 5', '//', '<p>Java&nbsp;is a&nbsp;<a href=\"https://en.wikipedia.org/wiki/High-level_programming_language\">high-level</a>,&nbsp;<a href=\"https://en.wikipedia.org/wiki/Class-based_programming\">class-based</a>,&nbsp;<a href=\"https://en.wikipedia.org/wiki/Object-oriented_programming\">object-oriented</a>&nbsp;<a href=\"https://en.wikipedia.org/wiki/Programming_language\">programming language</a>&nbsp;that is designed to have as few implementation&nbsp;<a href=\"https://en.wikipedia.org/wiki/Dependency_(computer_science)\">dependencies</a>&nbsp;as possible. It is a&nbsp;<a href=\"https://en.wikipedia.org/wiki/General-purpose_language\">general-purpose</a>&nbsp;programming language intended to let&nbsp;<a href=\"https://en.wikipedia.org/wiki/Programmer\">programmers</a>&nbsp;write once, run anywhere&nbsp;(<a href=\"https://en.wikipedia.org/wiki/Write_once,_run_anywhere\">WORA</a>),<a href=\"https://en.wikipedia.org/wiki/Java_(programming_language)#cite_note-17\">[17]</a>&nbsp;meaning that&nbsp;<a href=\"https://en.wikipedia.org/wiki/Compiler\">compiled</a>&nbsp;Java code can run on all platforms that support Java without the need to recompile.<a href=\"https://en.wikipedia.org/wiki/Java_(programming_language)#cite_note-design_goals-18\">[18]</a>&nbsp;Java applications are typically compiled to&nbsp;<a href=\"https://en.wikipedia.org/wiki/Java_bytecode\">bytecode</a>&nbsp;that can run on any&nbsp;<a href=\"https://en.wikipedia.org/wiki/Java_virtual_machine\">Java virtual machine</a>&nbsp;(JVM) regardless of the underlying&nbsp;<a href=\"https://en.wikipedia.org/wiki/Computer_architecture\">computer architecture</a>. The&nbsp;<a href=\"https://en.wikipedia.org/wiki/Syntax_(programming_languages)\">syntax</a>&nbsp;of Java is similar to&nbsp;<a href=\"https://en.wikipedia.org/wiki/C_(programming_language)\">C</a>&nbsp;and&nbsp;<a href=\"https://en.wikipedia.org/wiki/C%2B%2B\">C++</a>, but has fewer&nbsp;<a href=\"https://en.wikipedia.org/wiki/Low-level_programming_language\">low-level</a>&nbsp;facilities than either of them. The Java runtime provides dynamic capabilities (such as&nbsp;<a href=\"https://en.wikipedia.org/wiki/Reflective_programming\">reflection</a>&nbsp;and runtime code modification) that are typically not available in traditional compiled languages. As of 2019, Java was one of the most&nbsp;<a href=\"https://en.wikipedia.org/wiki/Measuring_programming_language_popularity\">popular programming languages in use</a>&nbsp;according to&nbsp;<a href=\"https://en.wikipedia.org/wiki/GitHub\">GitHub</a>,[<a href=\"https://en.wikipedia.org/wiki/Template:Harvard_citation_documentation#Wikilink_to_citation_does_not_work\">citation not found</a>]<a href=\"https://en.wikipedia.org/wiki/Java_(programming_language)#cite_note-:0-19\">[19]</a><a href=\"https://en.wikipedia.org/wiki/Java_(programming_language)#cite_note-20\">[20]</a>&nbsp;particularly for&nbsp;<a href=\"https://en.wikipedia.org/wiki/Client%E2%80%93server_model\">client&ndash;server</a>&nbsp;<a href=\"https://en.wikipedia.org/wiki/Web_application\">web applications</a>, with a reported 9 million developers.<a href=\"https://en.wikipedia.org/wiki/Java_(programming_language)#cite_note-21\">[21]</a></p>\r\n\r\n<p>Java was originally developed by&nbsp;<a href=\"https://en.wikipedia.org/wiki/James_Gosling\">James Gosling</a>&nbsp;at&nbsp;<a href=\"https://en.wikipedia.org/wiki/Sun_Microsystems\">Sun Microsystems</a>. It was released in May 1995 as a core component of Sun Microsystems&#39;&nbsp;<a href=\"https://en.wikipedia.org/wiki/Java_(software_platform)\">Java platform</a>. The original and&nbsp;<a href=\"https://en.wikipedia.org/wiki/Reference_implementation\">reference implementation</a>&nbsp;Java&nbsp;<a href=\"https://en.wikipedia.org/wiki/Compiler\">compilers</a>, virtual machines, and&nbsp;<a href=\"https://en.wikipedia.org/wiki/Library_(computing)\">class libraries</a>&nbsp;were originally released by Sun under&nbsp;<a href=\"https://en.wikipedia.org/wiki/Proprietary_license\">proprietary licenses</a>. As of May 2007, in compliance with the specifications of the&nbsp;<a href=\"https://en.wikipedia.org/wiki/Java_Community_Process\">Java Community Process</a>, Sun had&nbsp;<a href=\"https://en.wikipedia.org/wiki/Software_relicensing\">relicensed</a>&nbsp;most of its Java technologies under the&nbsp;<a href=\"https://en.wikipedia.org/wiki/GNU_General_Public_License\">GPL-2.0-only</a>&nbsp;license.&nbsp;<a href=\"https://en.wikipedia.org/wiki/Oracle_Corporation\">Oracle</a>&nbsp;offers its own&nbsp;<a href=\"https://en.wikipedia.org/wiki/HotSpot_(virtual_machine)\">HotSpot</a>&nbsp;Java Virtual Machine, however the official&nbsp;<a href=\"https://en.wikipedia.org/wiki/Reference_implementation\">reference implementation</a>&nbsp;is the&nbsp;<a href=\"https://en.wikipedia.org/wiki/OpenJDK\">OpenJDK</a>&nbsp;JVM which is free open-source software and used by most developers and is the default JVM for almost all Linux distributions.</p>\r\n\r\n<p>As of March&nbsp;2023,&nbsp;<a href=\"https://en.wikipedia.org/wiki/Java_version_history\">Java&nbsp;20</a>&nbsp;is the latest version, while Java 17, 11 and 8 are the current&nbsp;<a href=\"https://en.wikipedia.org/wiki/Long-term_support\">long-term support</a>&nbsp;(LTS) versions.</p>\r\n\r\n<h2>History</h2>\r\n\r\n<table>\r\n	<tbody>\r\n		<tr>\r\n			<td>\r\n			<p><img alt=\"Unbalanced scales.svg\" src=\"https://upload.wikimedia.org/wikipedia/commons/thumb/f/fe/Unbalanced_scales.svg/45px-Unbalanced_scales.svg.png\" /></p>\r\n			</td>\r\n			<td>\r\n			<p>The&nbsp;<a href=\"https://en.wikipedia.org/wiki/Wikipedia:Neutral_point_of_view\">neutrality</a>&nbsp;of this section is&nbsp;<a href=\"https://en.wikipedia.org/wiki/Wikipedia:NPOV_dispute\">disputed</a>.&nbsp;Relevant discussion may be found on the&nbsp;<a href=\"https://en.wikipedia.org/wiki/Talk:Java_(programming_language)##\">talk page</a>. Please do not remove this message until&nbsp;<a href=\"https://en.wikipedia.org/wiki/Template:POV#When_to_remove\">conditions to do so are met</a>.&nbsp;(September 2022)&nbsp;(<a href=\"https://en.wikipedia.org/wiki/Help:Maintenance_template_removal\">Learn how and when to remove this template message</a>)</p>\r\n			</td>\r\n		</tr>\r\n	</tbody>\r\n</table>\r\n\r\n<p>See also:&nbsp;<a href=\"https://en.wikipedia.org/wiki/Java_(software_platform)#History\">Java (software platform) &sect;&nbsp;History</a></p>\r\n\r\n<p><a href=\"https://en.wikipedia.org/wiki/File:Duke_(Java_mascot)_waving.svg\"><img src=\"https://upload.wikimedia.org/wikipedia/commons/thumb/5/5d/Duke_%28Java_mascot%29_waving.svg/110px-Duke_%28Java_mascot%29_waving.svg.png\" /></a></p>\r\n\r\n<p>Duke, the Java mascot</p>\r\n\r\n<p><a href=\"https://en.wikipedia.org/wiki/File:James_Gosling_2008.jpg\"><img src=\"https://upload.wikimedia.org/wikipedia/commons/thumb/1/14/James_Gosling_2008.jpg/220px-James_Gosling_2008.jpg\" /></a></p>\r\n\r\n<p><a href=\"https://en.wikipedia.org/wiki/James_Gosling\">James Gosling</a>, the creator of Java, in 2008</p>\r\n\r\n<p><a href=\"https://en.wikipedia.org/wiki/File:Tiobeindex.png\"><img src=\"https://upload.wikimedia.org/wikipedia/commons/thumb/f/f8/Tiobeindex.png/300px-Tiobeindex.png\" /></a></p>\r\n\r\n<p>The&nbsp;<a href=\"https://en.wikipedia.org/wiki/TIOBE_index\">TIOBE</a>&nbsp;<a href=\"https://en.wikipedia.org/wiki/Measuring_programming_language_popularity\">programming language popularity index</a>&nbsp;graph from 2002 to 2022. Java was steadily on the top from mid-2015 to early 2020.</p>\r\n\r\n<p><a href=\"https://en.wikipedia.org/wiki/James_Gosling\">James Gosling</a>, Mike Sheridan, and&nbsp;<a href=\"https://en.wikipedia.org/wiki/Patrick_Naughton\">Patrick Naughton</a>&nbsp;initiated the Java language project in June 1991.<a href=\"https://en.wikipedia.org/wiki/Java_(programming_language)#cite_note-22\">[22]</a>&nbsp;Java was originally designed for interactive television, but it was too advanced for the digital cable television industry at the time.<a href=\"https://en.wikipedia.org/wiki/Java_(programming_language)#cite_note-23\">[23]</a>&nbsp;The language was initially called&nbsp;<a href=\"https://en.wikipedia.org/wiki/Oak_(programming_language)\">Oak</a>&nbsp;after an&nbsp;<a href=\"https://en.wikipedia.org/wiki/Oak\">oak</a>&nbsp;tree that stood outside Gosling&#39;s office. Later the project went by the name&nbsp;Green&nbsp;and was finally renamed&nbsp;Java, from&nbsp;<a href=\"https://en.wikipedia.org/wiki/Java_coffee\">Java coffee</a>, a type of coffee from&nbsp;<a href=\"https://en.wikipedia.org/wiki/Indonesia\">Indonesia</a>.<a href=\"https://en.wikipedia.org/wiki/Java_(programming_language)#cite_note-24\">[24]</a>&nbsp;Gosling designed Java with a&nbsp;<a href=\"https://en.wikipedia.org/wiki/C_(programming_language)\">C</a>/<a href=\"https://en.wikipedia.org/wiki/C%2B%2B\">C++</a>-style syntax that system and application programmers would find familiar.<a href=\"https://en.wikipedia.org/wiki/Java_(programming_language)#cite_note-25\">[25]</a></p>\r\n\r\n<p>Sun Microsystems released the first public implementation as Java 1.0 in 1996.<a href=\"https://en.wikipedia.org/wiki/Java_(programming_language)#cite_note-oraclejavahistory-26\">[26]</a>&nbsp;It promised&nbsp;<a href=\"https://en.wikipedia.org/wiki/Write_once,_run_anywhere\">write once, run anywhere</a>&nbsp;(WORA) functionality, providing no-cost run-times on popular&nbsp;<a href=\"https://en.wikipedia.org/wiki/Computing_platform\">platforms</a>. Fairly secure and featuring configurable security, it allowed network- and file-access restrictions. Major&nbsp;<a href=\"https://en.wikipedia.org/wiki/Web_browser\">web browsers</a>&nbsp;soon incorporated the ability to run&nbsp;<a href=\"https://en.wikipedia.org/wiki/Java_applet\">Java applets</a>&nbsp;within web pages, and Java quickly became popular. The Java 1.0 compiler was re-written&nbsp;<a href=\"https://en.wikipedia.org/wiki/Bootstrapping_(compilers)\">in Java</a>&nbsp;by&nbsp;<a href=\"https://en.wikipedia.org/wiki/Arthur_van_Hoff\">Arthur van Hoff</a>&nbsp;to comply strictly with the Java 1.0 language specification.<a href=\"https://en.wikipedia.org/wiki/Java_(programming_language)#cite_note-27\">[27]</a>&nbsp;With the advent of Java 2 (released initially as J2SE 1.2 in December 1998&nbsp;&ndash; 1999), new versions had multiple configurations built for different types of platforms.&nbsp;<a href=\"https://en.wikipedia.org/wiki/Java_2_Enterprise_Edition\">J2EE</a>&nbsp;included technologies and APIs for enterprise applications typically run in server environments, while J2ME featured APIs optimized for mobile applications. The desktop version was renamed J2SE. In 2006, for marketing purposes, Sun renamed new J2 versions as&nbsp;<a href=\"https://en.wikipedia.org/wiki/Java_Platform,_Enterprise_Edition\">Java EE</a>,&nbsp;<a href=\"https://en.wikipedia.org/wiki/Java_Platform,_Micro_Edition\">Java ME</a>, and&nbsp;<a href=\"https://en.wikipedia.org/wiki/Java_Platform,_Standard_Edition\">Java SE</a>, respectively.</p>\r\n\r\n<p>In 1997, Sun Microsystems approached the&nbsp;<a href=\"https://en.wikipedia.org/wiki/ISO/IEC_JTC_1\">ISO/IEC JTC 1</a>&nbsp;standards body and later the&nbsp;<a href=\"https://en.wikipedia.org/wiki/Ecma_International\">Ecma International</a>&nbsp;to formalize Java, but it soon withdrew from the process.<a href=\"https://en.wikipedia.org/wiki/Java_(programming_language)#cite_note-28\">[28]</a><a href=\"https://en.wikipedia.org/wiki/Java_(programming_language)#cite_note-29\">[29]</a><a href=\"https://en.wikipedia.org/wiki/Java_(programming_language)#cite_note-30\">[30]</a>&nbsp;Java remains a&nbsp;<a href=\"https://en.wikipedia.org/wiki/De_facto_standard\">de facto&nbsp;standard</a>, controlled through the&nbsp;<a href=\"https://en.wikipedia.org/wiki/Java_Community_Process\">Java Community Process</a>.<a href=\"https://en.wikipedia.org/wiki/Java_(programming_language)#cite_note-31\">[31]</a>&nbsp;At one time, Sun made most of its Java implementations available without charge, despite their&nbsp;<a href=\"https://en.wikipedia.org/wiki/Proprietary_software\">proprietary software</a>&nbsp;status. Sun generated revenue from Java through the selling of licenses for specialized products such as the Java Enterprise System.</p>\r\n\r\n<p>On November 13, 2006, Sun released much of its Java virtual machine (JVM) as&nbsp;<a href=\"https://en.wikipedia.org/wiki/Free_and_open-source_software\">free and open-source software</a>&nbsp;(FOSS), under the terms of the&nbsp;<a href=\"https://en.wikipedia.org/wiki/GNU_General_Public_License\">GPL-2.0-only</a>&nbsp;license. On May 8, 2007, Sun finished the process, making all of its JVM&#39;s core code available under&nbsp;<a href=\"https://en.wikipedia.org/wiki/Free_software\">free software</a>/open-source distribution terms, aside from a small portion of code to which Sun did not hold the copyright.<a href=\"https://en.wikipedia.org/wiki/Java_(programming_language)#cite_note-32\">[32]</a></p>\r\n\r\n<p>Sun&#39;s vice-president Rich Green said that Sun&#39;s ideal role with regard to Java was as an&nbsp;evangelist.<a href=\"https://en.wikipedia.org/wiki/Java_(programming_language)#cite_note-33\">[33]</a>&nbsp;Following&nbsp;<a href=\"https://en.wikipedia.org/wiki/Oracle_Corporation\">Oracle Corporation</a>&#39;s acquisition of Sun Microsystems in 2009&ndash;10, Oracle has described itself as the steward of Java technology with a relentless commitment to fostering a community of participation and transparency.<a href=\"https://en.wikipedia.org/wiki/Java_(programming_language)#cite_note-34\">[34]</a>&nbsp;This did not prevent Oracle from filing a lawsuit against Google shortly after that for using Java inside the&nbsp;<a href=\"https://en.wikipedia.org/wiki/Android_SDK\">Android SDK</a>&nbsp;(see the&nbsp;<a href=\"https://en.wikipedia.org/wiki/Java_(programming_language)#Android\">Android</a>&nbsp;section).</p>\r\n\r\n<p>On April 2, 2010, James Gosling resigned from&nbsp;<a href=\"https://en.wikipedia.org/wiki/Oracle_Corporation\">Oracle</a>.<a href=\"https://en.wikipedia.org/wiki/Java_(programming_language)#cite_note-35\">[35]</a></p>\r\n\r\n<p>In January 2016, Oracle announced that Java run-time environments based on JDK 9 will discontinue the browser plugin.<a href=\"https://en.wikipedia.org/wiki/Java_(programming_language)#cite_note-36\">[36]</a></p>\r\n\r\n<p>Java software runs on everything from laptops to&nbsp;<a href=\"https://en.wikipedia.org/wiki/Data_center\">data centers</a>,&nbsp;<a href=\"https://en.wikipedia.org/wiki/Video_game_console\">game consoles</a>&nbsp;to scientific&nbsp;<a href=\"https://en.wikipedia.org/wiki/Supercomputer\">supercomputers</a>.<a href=\"https://en.wikipedia.org/wiki/Java_(programming_language)#cite_note-37\">[37]</a></p>\r\n\r\n<p><a href=\"https://en.wikipedia.org/wiki/Oracle_Corporation\">Oracle</a>&nbsp;(and others) highly recommend uninstalling outdated and unsupported versions of Java, due to unresolved security issues in older versions.<a href=\"https://en.wikipedia.org/wiki/Java_(programming_language)#cite_note-38\">[38]</a></p>\r\n\r\n<h3>Principles</h3>\r\n\r\n<p>There were five primary goals in the creation of the Java language:<a href=\"https://en.wikipedia.org/wiki/Java_(programming_language)#cite_note-design_goals-18\">[18]</a></p>\r\n\r\n<blockquote>\r\n<ol>\r\n	<li>It must be simple,&nbsp;<a href=\"https://en.wikipedia.org/wiki/Object-oriented\">object-oriented</a>, and familiar.</li>\r\n	<li>It must be&nbsp;<a href=\"https://en.wikipedia.org/wiki/Robustness_(computer_science)\">robust</a>&nbsp;and secure.</li>\r\n	<li>It must be architecture-neutral and portable.</li>\r\n	<li>It must execute with high performance.</li>\r\n	<li>It must be&nbsp;<a href=\"https://en.wikipedia.org/wiki/Interpreted_language\">interpreted</a>,&nbsp;<a href=\"https://en.wikipedia.org/wiki/Thread_(computing)\">threaded</a>, and&nbsp;<a href=\"https://en.wikipedia.org/wiki/Dynamic_programming_language\">dynamic</a>.</li>\r\n</ol>\r\n</blockquote>\r\n\r\n<h3>Versions</h3>\r\n\r\n<p>Main article:&nbsp;<a href=\"https://en.wikipedia.org/wiki/Java_version_history\">Java version history</a></p>\r\n\r\n<p>As of September&nbsp;2021, Java 8, 11 and 17 are supported as&nbsp;<a href=\"https://en.wikipedia.org/wiki/Long-term_support\">Long-Term Support</a>&nbsp;(LTS) versions.<a href=\"https://en.wikipedia.org/wiki/Java_(programming_language)#cite_note-39\">[39]</a></p>\r\n\r\n<p>Oracle released the last zero-cost public update for the&nbsp;<a href=\"https://en.wikipedia.org/wiki/Legacy_system\">legacy</a>&nbsp;version&nbsp;<a href=\"https://en.wikipedia.org/wiki/Java_8\">Java 8</a>&nbsp;LTS in January 2019 for commercial use, although it will otherwise still support Java&nbsp;8 with public updates for personal use indefinitely. Other vendors have begun to offer&nbsp;<a href=\"https://en.wikipedia.org/wiki/OpenJDK#OpenJDK_builds\">zero-cost builds</a>&nbsp;of OpenJDK 18 and 8, 11 and 17 that are still receiving security and other upgrades.</p>\r\n');

-- --------------------------------------------------------

--
-- Table structure for table `users`
--

CREATE TABLE `users` (
  `name` varchar(255) NOT NULL,
  `email` varchar(255) NOT NULL,
  `enrollment_no` int(7) NOT NULL,
  `branch` varchar(25) NOT NULL,
  `password` varchar(255) NOT NULL,
  `verification_code` int(20) NOT NULL,
  `verification_status` int(11) NOT NULL DEFAULT 0,
  `years` int(1) NOT NULL
) ENGINE=InnoDB DEFAULT CHARSET=utf8mb4 COLLATE=utf8mb4_general_ci;

--
-- Dumping data for table `users`
--

INSERT INTO `users` (`name`, `email`, `enrollment_no`, `branch`, `password`, `verification_code`, `verification_status`, `years`) VALUES
('Abhay Dhamane ', 'abhaydh63@gmail.com', 1234567, ' Computer Engineering', '$2y$10$C8wo6gBQeKB8Eqpas.5TOOzyL.OYxxtl4a8j.Kf6fMWhRcdJXEaBy', 740141, 1, 1),
('Sagar Darwalkar ', 'sagardarwalkar609@gmail.com', 2002009, ' Mechanical Engineering', '$2y$10$ikRN3d1oAqkO5tPSKY2QHefgWaoi0og2fKHgsyN18OB48TZoEfXiq', 777491, 1, 3),
('Yash deshmukh', 'deshmukhyash1212@gmail.com', 2002010, ' Mechanical Engineering', '$2y$10$Ii3wBFRkElBOqgRsY0spwuOTRftrLxWoRvkpsAl06G74/CqCKdlNO', 278145, 1, 3),
('Praful Kanaskar ', 'kanaskarpraful@gmail.com', 2002022, ' Mechanical Engineering', '$2y$10$flNnOD4EjVWbN7bYqUJK0.IC6PLkohxi1BC40gC/RoGQ5A9A79UfS', 845822, 1, 3),
('Kartik Kosurkar ', 'kartikkosurkar@gmail.com', 2002027, ' Mechanical Engineering', '$2y$10$AC0y64dO/d9ewRyiFavDieeqNEbAZJ9I6mdvhLmjxnlOKxmxDmHsC', 578229, 1, 3),
('Prajwal Sahare', 'sahareprajwal2@gmail.com', 2002046, ' ', '$2y$10$ymN26iGghf8vBkAcJL6IaOxSbqb/zUe28je2jQibCLIUSr/J1XbGS', 443326, 1, 3),
('Aditya Chopade', 'adityachopade444@gmail.com', 2003010, ' Computer Engineering', '$2y$10$YMlk6hny7UpIkkDO1NypjekPGcw2CEHKlWxoJ/hrItaZASyLicmBy', 725425, 1, 3),
('Kunal rathod', 'kunalrathod1221@gmail.com', 2003045, ' Civil Engineering', '$2y$10$1GLCN7/HaRSFgJuukBPUg.VdClxOlMC4k1clbJZYiUAE4HbIfCJsK', 566822, 1, 3),
('Tushar vaidya', 'tusharvaidya039@gmail.com', 2007066, ' Information Technology', '$2y$10$gxSuauDl3ex5yv17ZrNPv.wqIeYhB4pXls5tXZKrLwMsklwTq0PaK', 606045, 1, 3),
('Rupesh M Rajput', 'dhamanerupesh10@gmail.com', 2010319, 'Computer Engineering', '$2y$10$zmQwpfhO0SiCqY0gIBBw2eGuweO5oB4SLWfY/aMtX8vwe.V7mpjwy', 868870, 1, 1),
('bhavesh', 'bhavesh.adekar04@gmail.com', 2013001, ' Computer Engineering', '$2y$10$mHBcwycsMPK4ALiD0oS.EOzLPPb8F1BeUJFJXysHzXtTHrs.3YmSu', 194972, 1, 3),
('bhavesh', 'tanushri.adekar09@gmail.com', 2013011, ' Computer Engineering', '$2y$10$lzLa3lVgBmPQ8ECU3L9WzOhv4BGnKeTYcmoj/.Be2DyCmLwu31xre', 398127, 1, 3),
('Vedant', 'vedantchaudhari136@gmail.com', 2013012, 'Computer Engineering', '$2y$10$VLIRbAofSi5bf7VqN6urD.SkSbECKY0vidfYgZnB8IBWaYtsUGPUm', 611169, 1, 2),
('Vedant Chaudhari', 'vedantchaudhari187@gmail.com', 2013013, 'Computer Engineering', '$2y$10$VLIRbAofSi5bf7VqN6urD.SkSbECKY0vidfYgZnB8IBWaYtsUGPUm', 611168, 1, 1),
('Rupesh Dhamane', 'rupeshdhamane2004@gmail.com', 2013014, 'Computer Engineering', '$2y$10$i1..WKRAVAAhufsh7plwg.G42CvuHUh8pDwhnONVg5pH7SdOpRtUu', 641663, 1, 3),
('Nandini giri', 'girinandini24@gmail.com', 2013024, ' Computer Engineering', '$2y$10$fQCjT931YuahLH4mP7I/5uFTGsxGobHbViQa2FdqWmozhR28gCNWC', 762472, 0, 3),
('Shree', '2013024@gpnagpur.ac.in', 2013025, ' Computer Engineering', '$2y$10$mSEltcxX9UhcbuI/nolgy.rV8IRg9agw0QQuDoXm21XpTh8Mbh0d2', 968358, 1, 3),
('Gajendra', 'gajjunaphade@gmail.com', 2013044, ' Computer Engineering', '$2y$10$UuWU0GbLF/FJDYKHPtZAjOOtoCR5WTcQhAfmzRgvMq5L7kNQ9wIGW', 486742, 1, 3),
('PIYUSH PISE', 'pisepiyush39@gmail.com', 2013049, ' Computer Engineering', '$2y$10$0js775AeyC/YO8MEkgOVmOYpW5VeTPGYehW4V8l70Zffi.GeYiGlu', 960779, 1, 3),
('divyank', 'havoni6067@luravel.com', 2013088, ' Computer Engineering', '$2y$10$nbESevro0HKIcDsC12ePqeY1UUzyTqQHVB5kCtpj.ZoqQ2.lCUkxu', 591895, 1, 3),
('Gajendra', 'dsfhgjf@gmail.com', 2013099, ' Computer Engineering', '$2y$10$N/qBhMVU0wqnYb0ThvDGs.x.WZgvA0zyoWf6R0jqkd6mqL2KEHWta', 880628, 0, 1),
('Parishnav Dipak Thokal', 'parishnavt@gmail.com', 2113042, ' Computer Engineering', '$2y$10$SNkk/nNgC8kLIGZtMgLfvOTAGO2AsjLW81RGWTzMy6QNGaIKJ79wy', 268601, 1, 2);

-- --------------------------------------------------------

--
-- Table structure for table `years`
--

CREATE TABLE `years` (
  `years` int(1) NOT NULL,
  `year_name` text NOT NULL
) ENGINE=InnoDB DEFAULT CHARSET=utf8mb4 COLLATE=utf8mb4_general_ci;

--
-- Dumping data for table `years`
--

INSERT INTO `years` (`years`, `year_name`) VALUES
(1, 'First year'),
(2, 'Second year\r\n'),
(3, 'Third year');

--
-- Indexes for dumped tables
--

--
-- Indexes for table `admin`
--
ALTER TABLE `admin`
  ADD PRIMARY KEY (`user`);

--
-- Indexes for table `courses`
--
ALTER TABLE `courses`
  ADD PRIMARY KEY (`c_id`),
  ADD KEY `year` (`years`),
  ADD KEY `f_id` (`f_id`);

--
-- Indexes for table `faculty`
--
ALTER TABLE `faculty`
  ADD PRIMARY KEY (`f_id`),
  ADD UNIQUE KEY `username` (`username`);

--
-- Indexes for table `feedback`
--
ALTER TABLE `feedback`
  ADD PRIMARY KEY (`fb_id`);

--
-- Indexes for table `mcq_questions`
--
ALTER TABLE `mcq_questions`
  ADD PRIMARY KEY (`id`),
  ADD KEY `c_id` (`c_id`),
  ADD KEY `unit_id` (`unit_id`);

--
-- Indexes for table `performance`
--
ALTER TABLE `performance`
  ADD PRIMARY KEY (`performance_id`),
  ADD KEY `unit_id` (`unit_id`),
  ADD KEY `c_id` (`c_id`);

--
-- Indexes for table `result`
--
ALTER TABLE `result`
  ADD PRIMARY KEY (`performance_id`),
  ADD KEY `c_id` (`c_id`);

--
-- Indexes for table `surprise_test`
--
ALTER TABLE `surprise_test`
  ADD PRIMARY KEY (`id`);

--
-- Indexes for table `units`
--
ALTER TABLE `units`
  ADD PRIMARY KEY (`unit_id`),
  ADD KEY `c_id` (`c_id`);

--
-- Indexes for table `users`
--
ALTER TABLE `users`
  ADD PRIMARY KEY (`enrollment_no`),
  ADD UNIQUE KEY `email` (`email`),
  ADD UNIQUE KEY `verification_code` (`verification_code`),
  ADD KEY `years` (`years`);

--
-- Indexes for table `years`
--
ALTER TABLE `years`
  ADD PRIMARY KEY (`years`);

--
-- AUTO_INCREMENT for dumped tables
--

--
-- AUTO_INCREMENT for table `courses`
--
ALTER TABLE `courses`
  MODIFY `c_id` int(3) NOT NULL AUTO_INCREMENT, AUTO_INCREMENT=20;

--
-- AUTO_INCREMENT for table `faculty`
--
ALTER TABLE `faculty`
  MODIFY `f_id` int(5) NOT NULL AUTO_INCREMENT, AUTO_INCREMENT=21;

--
-- AUTO_INCREMENT for table `feedback`
--
ALTER TABLE `feedback`
  MODIFY `fb_id` int(10) NOT NULL AUTO_INCREMENT, AUTO_INCREMENT=30;

--
-- AUTO_INCREMENT for table `mcq_questions`
--
ALTER TABLE `mcq_questions`
  MODIFY `id` int(11) NOT NULL AUTO_INCREMENT, AUTO_INCREMENT=51;

--
-- AUTO_INCREMENT for table `performance`
--
ALTER TABLE `performance`
  MODIFY `performance_id` int(11) NOT NULL AUTO_INCREMENT, AUTO_INCREMENT=37;

--
-- AUTO_INCREMENT for table `result`
--
ALTER TABLE `result`
  MODIFY `performance_id` int(255) NOT NULL AUTO_INCREMENT, AUTO_INCREMENT=31;

--
-- AUTO_INCREMENT for table `surprise_test`
--
ALTER TABLE `surprise_test`
  MODIFY `id` int(11) NOT NULL AUTO_INCREMENT, AUTO_INCREMENT=17;

--
-- AUTO_INCREMENT for table `units`
--
ALTER TABLE `units`
  MODIFY `unit_id` int(11) NOT NULL AUTO_INCREMENT, AUTO_INCREMENT=27;

--
-- AUTO_INCREMENT for table `years`
--
ALTER TABLE `years`
  MODIFY `years` int(1) NOT NULL AUTO_INCREMENT, AUTO_INCREMENT=4;

--
-- Constraints for dumped tables
--

--
-- Constraints for table `courses`
--
ALTER TABLE `courses`
  ADD CONSTRAINT `f_id` FOREIGN KEY (`f_id`) REFERENCES `faculty` (`f_id`),
  ADD CONSTRAINT `year` FOREIGN KEY (`years`) REFERENCES `years` (`years`);

--
-- Constraints for table `mcq_questions`
--
ALTER TABLE `mcq_questions`
  ADD CONSTRAINT `mcq_questions_ibfk_1` FOREIGN KEY (`c_id`) REFERENCES `courses` (`c_id`),
  ADD CONSTRAINT `mcq_questions_ibfk_2` FOREIGN KEY (`unit_id`) REFERENCES `units` (`unit_id`);

--
-- Constraints for table `performance`
--
ALTER TABLE `performance`
  ADD CONSTRAINT `performance_ibfk_1` FOREIGN KEY (`unit_id`) REFERENCES `units` (`unit_id`),
  ADD CONSTRAINT `performance_ibfk_2` FOREIGN KEY (`c_id`) REFERENCES `courses` (`c_id`);

--
-- Constraints for table `result`
--
ALTER TABLE `result`
  ADD CONSTRAINT `c_id` FOREIGN KEY (`c_id`) REFERENCES `courses` (`c_id`);

--
-- Constraints for table `units`
--
ALTER TABLE `units`
  ADD CONSTRAINT `units_ibfk_1` FOREIGN KEY (`c_id`) REFERENCES `courses` (`c_id`);

--
-- Constraints for table `users`
--
ALTER TABLE `users`
  ADD CONSTRAINT `years` FOREIGN KEY (`years`) REFERENCES `years` (`years`);
COMMIT;

/*!40101 SET CHARACTER_SET_CLIENT=@OLD_CHARACTER_SET_CLIENT */;
/*!40101 SET CHARACTER_SET_RESULTS=@OLD_CHARACTER_SET_RESULTS */;
/*!40101 SET COLLATION_CONNECTION=@OLD_COLLATION_CONNECTION */;
